post_url,likes,comments,timestamp,caption
https://www.instagram.com/joerogan/p/DZlnQzwDD2k/,419705,12617,2026-06-15 01:14:32,This is pretty fucking surreal. #ufcfreedom250
https://www.instagram.com/joerogan/p/DZfl27EkXb0/,14813,512,2026-06-12 17:06:49,"Remote viewing, proof of psychic abilities and the mystery of consciousness. A truly enjoyable conversation with Dean Radin available now on spotify and everywhere else."
https://www.instagram.com/joerogan/reel/DZkeAslxnA8/,9185,354,2026-06-14 14:34:46,"Ultramarathon runner, author, the greatest bow hunter on earth and one of my best friends. The great and powerful cameronrhanes. Episode available now on spotify and everywhere else."
https://www.instagram.com/joerogan/p/DZa-6hXRXvR/,43150,723,2026-06-10 22:13:30,The King of Swing. The great and powerful madflavors_world now available on spotify and everywhere else
https://www.instagram.com/joerogan/reel/DZir487RK9Y/,108520,2793,2026-06-13 21:59:38,Tomorrow night is gonna be bananas! #ufcfreedom250 @dc_mma @jon_anik
https://www.instagram.com/joerogan/p/DZnVvh0kV0I/,429939,8552,2026-06-15 17:19:55,What a fucking night! #ufcfreedom250
https://www.instagram.com/paulytoon/reel/DZfjkKDMx1t/,9870,103,2026-06-12 16:59:42,Listen you fucks! @madflavors_world gave us the infamous ‘Kalabeeb’ rant. Sit back and enjoy this absolute comedy classic with joerogan and the rest of the Fight Companion crew. Please Stay Tooned! @joerogan @jretoons @paulytoon @eddiebravo @brendanschaub
https://www.instagram.com/brendanschaub/reel/DZnBLjvxlDs/,198036,2067,2026-06-15 14:23:40,Can you imagine if @justin_gaethje pulls it off? Think about Mondays headlines. Well…he pulled it off. This gave me chills. @fight.riddle
https://www.instagram.com/joerogan/p/C3VHXDTM0pb/,135317,6900,2024-02-14 13:40:31,"My Spotify playlist âGreen Roomâ is available to everyone. Itâs currently over 18 hours long, and it features a pretty wide variety of artists everything from garyclarkjr to Nina Simone, to jellyroll615 to Lynyrd Skynyrd to Janis Joplin and wutangclan. New shit gets added to it all the time, and itâs the actual playlist we use in the comedymothership green room."
https://www.instagram.com/joerogan/p/DZkid3AkTkh/,84966,1106,2026-06-14 15:13:23,Bazaar Meats in DC was fantastic. chefjoseandres knocks it out of the park every time! bazaarbyjose
https://www.instagram.com/jon_anik/p/DZntGxtAXZd/,90844,2524,2026-06-15 20:44:04,"WASHINGTON, D.C. â âThe greatest night in the history of combat sports.â joerogan â Hard to argue otherwise. That was a oneofone lifetime experience for which I will be forever grateful. Thank you to all of the athletes, coaches, and our entire, tireless UFC staff. That was an incredible undertaking and execution. It took all of us and everything we had to pull that off. Just honored to have been a part of it all. â ðºð The last slide shows you the only real weather threat as it got super windy right before we were about to start. But not a drop of rain all night. God is good! ð miles.lafosse ðª jay__amin aminstandard"
https://www.instagram.com/joerogan/p/C3GoHKuMSJH/,500225,35127,2024-02-08 22:38:06,The podcast is now officially back on apple We should be back on youtube with full episodes in the coming weeks. Shoutout to spotify for absolutely being the coolest and smartest people Iâve ever had the pleasure of being in partnership with. Iâm very excited the podcast will now have a much broader distribution.
https://www.instagram.com/shawnryan762/reel/DYXbv39KIFd/,38840,1449,2026-05-15 16:35:10,Thank you Joe and Tim for touching on this subject. I wonder what the grand total would be for as this has been going on for over 2 years. And remember... that was anywhere from 4087 million dollars a week.
https://www.instagram.com/troyconrads/reel/DYVBE-5ywNV/,3059,41,2026-05-14 18:03:27,Coming soon to a bookstore near you ð½
https://www.instagram.com/joerogan/reel/DY8C86AxS5R/,127491,3057,2026-05-29 21:49:44,The great and powerful harlandwilliams is a one of a kind awesome human being. New episode available now on spotify and everywhere else.
https://www.instagram.com/joerogan/reel/DY6DEA4sB2w/,32367,1933,2026-05-29 03:12:06,"This was one of the most interesting conversations Iâve had in a while. Michelle Thaller a wealth of fascinating information about space, time and all things the cosmos. And sheâs an incredibly compelling speaker. These kinds of podcasts are some of my favorites, and itâs available now on spotify and everywhere else. drmichellethaller joeroganexperience"
https://www.instagram.com/joerogan/p/DY4yRYLkfkN/,10523,644,2026-05-28 15:24:54,"Bad thoughts season 2 from seguratom on netflix is fucking hysterical. Itâs available now, and we have a new episode of the podcast on spotify and everywhere else thatâs out now too."
https://www.instagram.com/joerogan/reel/DZNi84MRNNZ/,69028,4213,2026-06-05 16:56:32,Episode 2509 calebhammercomposer drops financial science joeroganexperience available now on spotify
https://www.instagram.com/joerogan/reel/DYgQ-Slsqx3/,12229,1104,2026-05-19 02:54:25,Wednesdayâs sold out show at comedymothership has moved to 10pm. My apologies to you folks but we had to move it to the later spot. If you got tickets for the 7pm theyâre still valid for the 10pm.
https://www.instagram.com/joerogan/p/DZF1mGXkSVZ/,31868,598,2026-06-02 17:04:04,"Daniel Rodriguez d_rod_ufc is a top 15 UFC welterweight. He went to Tijuana to celebrate a big victory and wound up getting arrested for weed and spending 8 months in a Mexican jail. The story is wild. Weed is legal in California and decriminalized in Mexico, but not for visitors and crossing the border with it is a serious federal offense. Heâs out now, and faces Uros Medic in the main event of UFC in Serbia August 1. The second picture is what he looked like the day he got out. We had a great conversation and the podcast is out now on spotify and everywhere else."
https://www.instagram.com/joerogan/p/DY8AH5oEew7/,15512,679,2026-05-29 21:23:40,"The great and powerful harlandwilliams is one of the silliest, most hilarious and awesome people I know. New episode out now on spotify and his new movie Wing Man is available for streaming on appletv and amazonprime"
https://www.instagram.com/joerogan/p/DZIYgI-RUe5/,7950,700,2026-06-03 17:00:33,"Joe Eszterhas is a Hollywood legend. In the 1990âs he was the highest paid writer in film, and created all time classics like âBasic Instinct.â He lived through an insane coke and booze fueled ride of a life, and came out on the other end with some amazing stories. We talked about his beginnings in journalism, and the time he spent with Hunter S Thompson, Jimi Hendrix, and Martin Luther King Jr. Heâs a brilliant, and captivating guy, and I really enjoyed our conversation. The podcast is available now on spotify and everywhere else."
https://www.instagram.com/joerogan/p/DZNdjGQR-z1/,30608,1198,2026-06-05 16:10:29,Episode 2509 calebhammercomposer Caleb is a very smart and entertaining guy giving legit financial advice to a generation who desperately needs it. Episode is out now on spotify and everywhere else
https://www.instagram.com/joerogan/p/DZQOySlEaCr/,49660,1113,2026-06-06 17:56:36,"Episode 2510 Devon Larratt devlarratt is a world champion arm wrestler, 16 year veteran of JTF2 Canadaâs tier 1 special operations unit, and an all around unique and very interesting guy. Our podcast is out now on spotify and everywhere else."
https://www.instagram.com/joerogan/p/DXR4Cd-kbhl/,385895,19047,2026-04-18 16:19:02,"Today was a good day. More than 80,000 died of drug overdoses just in 2024 the USA and itâs estimated that somewhere around 5.9 million people are currently addicted to opioids in the USA. One dose of Ibogaine has an 80 rate of freeing these people from addiction, and with two doses itâs over 90. And thatâs just addiction. It also has fantastic results for treating PTSD and traumatic brain injuries in veterans. A 2024 Stanfordled openlabel trial n30 US special operations veterans with TBI found magnesiumibogaine treatment led to 88 average reduction in PTSD symptoms e.g., CAPS5 scores, 87 in depression, and 81 in anxiety one month posttreatment."
https://www.instagram.com/rsrproject/reel/DXRg2ZYjqaD/,946,11,2026-04-18 12:53:05,Works every time. SOUND ON! joerogan joeroganexperience
https://www.instagram.com/projectgravitaur/reel/DW1ZSwFDr2p/,12074,1058,2026-04-07 14:49:12,Available now on Amazon Prime Video Please leave your review on rotten tomatoes ð Thank you!!! ððððºððºððððððððð
https://www.instagram.com/seckennedy/reel/DXRzzHICS2E/,3138,144,2026-04-18 15:37:09,"Thank you, joerogan, for helping bring national attention to these potentially lifesaving treatments for veterans and others living with mental illness, and for pushing this conversation into the mainstream."
https://www.instagram.com/joerogan/p/DWaCsFkjNob/,369819,17545,2026-03-27 23:51:07,"Went down to Ways2Well and did plasmapheresisâ this is the stuff they pulled out of my blood. That yelloworange liquid is plasma â it carries a lot of the inflammatory proteins, toxins, and byproducts that build up over time. They separate it out, remove what they donât want, and replace it so your system can function cleaner. Itâs basically like changing the oil in your body. It seems very weird when you do it, but the people that I know who have tried this have experienced better sleep scores and markedly better recovery. Weâll seeâ Theyâre also working on some nextlevel approaches using biologics alongside the plasma replacement, which is pretty fascinating. Crazy experience. Super curious where this kind of tech is headed."
https://www.instagram.com/joerogan/p/DXPhy4-kYXg/,27229,1106,2026-04-17 18:20:40,An absolute rock and roll legend. The great johnfogerty! Our podcast is available now on spotify and everywhere else.
https://www.instagram.com/joerogan/p/DXKMky5kWCC/,12772,822,2026-04-15 16:39:03,"My friend andystumpf212 is one of the best people I know. Heâs got a book out now, and it will genuinely inspire you and help you get your shit together. Itâs called âdrownproof,â and itâs available everywhere. Our podcast is available now on spotify and everywhere else."
https://www.instagram.com/joerogan/p/DWrvZwKjIXT/,75181,4278,2026-04-03 20:46:55,"The great Bob Lazar returns! Heâs got an incredible new documentary recreating his experience at S4 of Area 51 back engineering an alien craft all done with CGI and full scale models to recreate the base and the craft, inside and out. Itâs pretty fucking dope. The documentary, âS4 The Bob Lazar Storyâ is available now on Amazon Prime and wearenotalone.com The most watched podcast we ever did on youtube was our first episode 6 years ago. Itâs currently at 66 million views. Thatâs how compelling his story is. Think about that. Iâve done over 2,400 podcasts with some of the most famous people alive, and the most popular one is with a scientist who has a story about a job he had in 1988. Our new episode is available now on spotify and everywhere else. unitednuclearbob lvendittelli"
https://www.instagram.com/johnfogerty/p/DXPX4I2jvCj/,40260,1675,2026-04-17 16:54:26,"John joined Joe Rogan yesterday for a careerspanning conversation, out today. Across the 3 hour episode, John reflects on his early songwriting, his decadeslong battle to reclaim his catalog, his new album Legacy, and more. Watch the full podcast now at the link in bio."
https://www.instagram.com/joerogan/reel/DYNCUVgxepB/,167040,3302,2026-05-11 15:40:18,A huge thank you to giovannipaolony giovannis.italian.deli and g_and_r_deli_ for feeding us in the UFC dressing room before the fights in Newark! Phenomenal as always!
https://www.instagram.com/spencerpratt/p/DXKZEzhgZ0N/,187465,6015,2026-04-15 18:29:16,"An honor being on with the GOAT, joerogan . My goal is to make LA so awesome, we can win him back from Texas."
https://www.instagram.com/joerogan/p/DXzehYsETP3/,103250,2747,2026-05-01 17:24:44,Weâre back! Protect Our Parks available now!
https://www.instagram.com/joerogan/p/DWRktGvkfJQ/,7470,690,2026-03-24 16:53:11,My good friend of many years therealjeffreyross has a new special out on netflix. Itâs an amazing one man show that heâs been working on for years. Our podcast is available now on spotify and everywhere else
https://www.instagram.com/comedymothership/p/DS-zYVWkXF6/,8380,7850,2026-01-01 20:21:40,Start your year off with Joe Rogan and Friends next week! We actually have 3 next week Tuesday 16 7pm Fat Man Wednesday 17 7pm Fat Man Wednesday 17 1030 Little Boy Tickets at comedymothership.com
https://www.instagram.com/joerogan/reel/DWHNN8WEewG/,9265,416,2026-03-20 16:18:26,My brother the great and powerful marknormand has a new special out now on netflix and itâs fucking awesome. Our new podcast episode is out now on spotify and everywhere else.
https://www.instagram.com/billthompsonsft/reel/DWXRh8iDzEZ/,23640,671,2026-03-26 22:05:43,"For the last few years, Iâve had the chance to be at least peripherally in Joeâs circle, and that alone has meant a great deal to me. Heâs been consistently gracious and genuinely a great human being. Being on his show was a surreal highlight of my life, and Iâll always be thankful for the opportunity. Thank you, Joe. AmericanMappingCompany joeroganexperience"
https://www.instagram.com/pierrepoilievremp/p/DWCnw3Tlpjv/,280530,18432,2026-03-18 21:31:19,Fought for Canadian workers and Canadian interests on the worldâs biggest podcast. Thank you joerogan for an amazing conversation. Letâs get tarifffree trade.
https://www.instagram.com/joerogan/p/DT30lS9jMTo/,151327,1386,2026-01-23 23:51:06,Backstage with an equipment box at the ufc weigh ins that has the old school logo. This box has seen some shit! Itâs been around since the early days when we were banned from cable. Brings back great memories!
https://www.instagram.com/joerogan/p/DWHZCjikYI2/,20640,1126,2026-03-20 18:02:19,"Tomorrow! Fight Companion LIVE on the PowerfulJRE youtube channel eddiebravo10p madflavors_world brendanschaub and me! During the main card, 1pm pacific, 4pm eastern, 3pm Texas Time"
https://www.instagram.com/paulrosolie/p/DTvC6cDD5pm/,71564,1867,2026-01-20 14:00:00,"BIG thank you to to you joerogan for being the GOAT â and for letting me play with Marshall âï Friends, we have new episode dropping today â where we talk about narco traffickers, how to speak spider monkey, indigenous plant medicine, the uncontacted tribes, our dear friend lexfridman , incredible Jane Goodall, and the race against time to protect a crucial part of the Amazon rainforest!"
https://www.instagram.com/joerogan/p/DTd6FD8ERrg/,301373,4728,2026-01-13 22:16:40,Elk steaks for dinner. Covered them in olive oil and traegergrills blackened Saskatchewan rub. Cooked it 225 until it got an internal temperature of 125 then finished it on a cast iron skillet. Served it with Kimchi. It was delicious.
https://www.instagram.com/ryanrossner_phd/reel/DWDAHEWjdMv/,15213,630,2026-03-19 01:09:17,Genetics is the code biological life runs upon. We are at the infancy of genetics. Understanding our genetics at a deeper level gives us the map to navigate the future of health and longevity. Iâm honored to be teaming up with brigham.buhler and ways2well . Great Episode of joeroganexperience 2469 genetics longevity health xmen
https://www.instagram.com/joerogan/p/DT6Q8DoEupr/,500225,35127,2026-01-24 22:36:46,Time for the best job in the world! ufc ufc324 carnivore.snax live on paramountplus
https://www.instagram.com/jon_anik/p/DT5k6lxgRQG/,14615,734,2026-01-24 16:12:43,"LAS VEGAS â At long last, the UFC returns to action tonight! See you all ð! UFC324 â paramountufc â paramountplus â joerogan â dc_mma"
https://www.instagram.com/joerogan/p/DRVANBBEVjZ/,51941,2768,2025-11-21 18:14:13,"The Age of Disclosure is one of the best documentaries on the whole UFO phenomenon ever. High ranking government officials revealing the truth about what they know about aliens, crashed craft retrieval programs, and back engineering efforts that have been going on for decades. If youâre into the subject, I canât recommend this enough. Dan Farah and his team knocked it out of the park with this. The documentary is available now on amazonprime and our conversation is available now on spotify and everywhere else. Enjoy!"
https://www.instagram.com/joerogan/p/DQcNs-NkYLC/,21205,1166,2025-10-30 16:55:28,Miranda Lambert is cool as fuck. Episode out now on spotify mirandalambert
https://www.instagram.com/joerogan/p/DSwFgsNDF2s/,62139,2898,2025-12-27 03:11:29,The perfect woman doesnât existâ
https://www.instagram.com/jeffdye/p/DQ7uXy3kYBo/,56103,1162,2025-11-11 22:37:24,This dude is one of my favorite people in world. Joe is the best example of a man and a great human. Love ya Joe.
https://www.instagram.com/joerogan/p/DQXHf5VkYaE/,30989,2437,2025-10-28 17:25:03,What the hell is 3i Atlas? I sat down with Avi Loeb to get all the details. Episode available now on spotify and everywhere else
https://www.instagram.com/joerogan/reel/DRI99M7jEmM/,1787133,25068,2025-11-17 02:04:15,Backstage at ufc was catered by my friend giovannipaolony of giovannis.italian.deli in White Plains NY! Sensational Italian food!!
https://www.instagram.com/joerogan/p/DQfEpVREcIH/,101700,7034,2025-10-31 19:34:03,"3 hours with the rocket man. We talked about the madness of AI and itâs potential massive benefits to humanity and the dangers of it going sideways, government corruption on a catastrophic scale, and the launch of his new car thatâs so advanced it barely qualifies as a car. Available now on spotify"
https://www.instagram.com/moreplatesmoredates/p/DRxuhMliQoW/,58231,1132,2025-12-02 21:57:40,Back again for your regular dose of meathead chemistry! Always a great time chopping it up with joerogan JRE episode 2421
https://www.instagram.com/adamraycomedy/reel/DRVNrCrD8Tg/,56992,544,2025-11-21 20:24:24,One of the most fun daysðð¼ shanegillis biden trump killtony adamray comedy
https://www.instagram.com/adamraycomedy/p/DRSyqRuDkIL/,40347,695,2025-11-20 21:37:24,Back on joerogan todayð Great hang. Fun chat. Enjoy it. standupcomedy rogan JRE adamray austin pod
https://www.instagram.com/shawnryanshow/reel/DQLKJCKjAwh/,14885,421,2025-10-24 01:58:27,"Meet Palmer Luckey, the Militaryâs version of Tony Stark. ð"
https://www.instagram.com/jessemichelsofficial/reel/DRsLvmTj8g_/,14255,725,2025-11-30 18:18:41,"Absolutely mindblowing interview with my friend, the legend joerogan. We discuss alien contact and what that might look like in the nottoofar future, UFO secrecy and crash retrieval programs and new transparency around both, the AIQuantum âapocalypseâ, advanced ancient civilizations that may have been destroyed in a cataclysm with the Younger Dryas Impact but with possible remnants under our oceans , the truth about whatâs buried under the pyramids, the facts around Epstein and what actually happened with JFKâs assasination. Basically, we cover every fucking crazy âconspiracyâ under the sun and show that many of them are in fact much more than your tinfoil hat fabrications. Joe does all of it with a level of rigor yet lightness and humor that only he can pull off and that make his show, JRE, the highest inspiration for me and so many coming up in independent media and podcasting. Finally, Joe gets real about a dream he had that he describes as the âmost fucking vivid dreamâ heâs ever had involving what felt like âhumans from the futureâ. Shit got wild. This was absolutely surreal. Thank you, Joe!! ð The Joe Rogan EpisodeâOUT NOW Available on YouTube Spotify"
https://www.instagram.com/michaelvenompage/p/DPWN_krEcsD/,53990,478,2025-10-03 12:31:10,OUT NOW ðð¾ðððð Thank you joerogan for having me! Always a pleasure!
https://www.instagram.com/comedymothership/reel/DPROlPpjXvU/,32755,823,2025-10-01 14:00:00,âWhat a fucking showâ Last nightâs Joe Rogan and Friends was one for the ages
https://www.instagram.com/joerogan/p/DPC-oS4jLqH/,110344,9289,2025-09-26 01:11:21,"This is really nuts. This discovery of a million year old human skull pushes back the time homo sapiens existed by at least 500,000 years."
https://www.instagram.com/cheetosantino/p/DO9DWLyAeyP/,96162,1414,2025-09-23 17:57:08,Joe The Ginge New JRE up now watch whitenoise on hulu and overseas on disneyplus
https://www.instagram.com/joerogan/p/DO9ApHTEdPI/,500225,35128,2025-09-23 17:33:30,"Lunch, courtesy of hoytbowhunting sitkagear and beast_broadheads"
https://www.instagram.com/joerogan/p/DPDF39XDFkf/,50245,1058,2025-09-26 02:14:40,"A trip down memory lane with the great and powerful markkerrtsm! The new film âThe Smashing Machineâ about his life starting therock is truly excellent. The Rock REALLY nailed it as Mark. Just an amazing performance. Mark is one of the real legends of the sport and a pioneer of MMA! His stories on the podcast were amazing, and itâs really great to see him clean and healthy! Podcast available now on spotify youtube and everywhere else."
https://www.instagram.com/joerogan/p/DPZrPj5kSvz/,26087,790,2025-10-04 20:44:29,"Just in time for todayâs ufc card! The one and only michaelvenompage! Such a fun and interesting dude. If someone can be both cocky and humble at the same time, that guy is it! On top of that heâs wildly talented and a very unusual element in MMA with his point karate background. I really enjoyed hanging out with him! Episode is available now on spotify and everywhere else."
https://www.instagram.com/lionelrichie/p/DPUOcjiD6ot/,36974,803,2025-10-02 17:56:39,Had a great time sharing stories with joerogan. My full joeroganexperience interview is out nowâ go listen!
https://www.instagram.com/joerogan/reel/DPxXNDjjHpp/,562072,14952,2025-10-14 01:51:01,Went to see the spacex launch live. It was fucking awesome.
https://www.instagram.com/salvulcano/p/DPjuH-REiuB/,46119,1540,2025-10-08 18:22:04,Episode out now on the internet and various platforms and devices. God bless.
https://www.instagram.com/paulytoon/reel/DPrP5qrgBzU/,11430,210,2025-10-11 16:38:01,JRE Toons Theoâs Zombie Moment. joerogan and theovon discuss ways to survive in a world full of Zombies. Much more to come. Please Stay Tooned!jretoons paulytoon joerogan theovon
https://www.instagram.com/triggerpod/reel/DQH778ICsci/,21221,800,2025-10-22 19:56:34,The Bias In UK Policing Is Becoming Impossible To Ignore Watch the full conversation with Konstantin Kisin and Francis Foster on JRE now.
https://www.instagram.com/joerogan/p/DMqtLW0s1zL/,361056,7130,2025-07-28 21:54:18,This impossibly cute fella is marshallmaeroganâs new best friend. Meet charlielourogan
https://www.instagram.com/joerogan/p/DMqqdTUsRf8/,290213,4245,2025-07-28 21:30:32,"Thank you to everyone wishing me a happy birthday, but itâs not my birthday. Itâs kind of an inside joke, but people always call Dana me and call me Dana. Anyway, itâs his birthday and heâs an awesome person and I love him to death. Happy birthday my brother! danawhite"
https://www.instagram.com/joerogan/p/DOMPVrWkYU_/,30402,1056,2025-09-04 18:59:08,"This one was really fun. Ben is an incredible reservoir of information on the mysteries of ancient Egypt, and after I saw his recent YouTube video on the insane Labyrinths theyâve discovered there I had to have him on. These incredibly vast underground structures were described by the ancient historian Herodotus 2,500 years ago, but were dismissed by many as myth. Now through the use of ground penetrating radar theyâve revealed that thereâs a colossal underground complex that matches the historical depictions. Even crazier, these scans have shown the presence of a 40 meter long tic tac shaped metallic object at the center of a large underground hall. Wild stuff! We also covered some other incredible details like hieroglyphs that show stargates and gigantic reptilian creatures. Just a really fun podcast. As a bonus I found out that Ben became obsessed with ancient Egypt way when he saw the first episode of the JRE with Graham Hancock back in 2013. He got so into it that he eventually quit his job in tech to pursue a full time career exploring and making YouTube videos. His channel UnchartedX is absolutely amazing, and heâs an awesome guy to talk to. Enjoy! unchartedx7"
https://www.instagram.com/comedymothership/reel/DOaG3WnDajc/,31648,879,2025-09-10 04:15:22,GSP v. McCann I. Result Draw
https://www.instagram.com/michaelbuttonx/p/DNlbo37Rgoj/,52047,1025,2025-08-20 17:16:14,"What a privilege to sit down with the legend joerogan and talk all things ancient history, lost civilizations and more! Thanks so much Joe it was an honour!"
https://www.instagram.com/joerogan/p/DNDy3pbM-lZ/,124981,1950,2025-08-07 15:45:03,"âHey dad, tell him that thing about how our ancestors were wolvesâ marshallmaerogan and charlielourogan delivering an overload of cuteness."
https://www.instagram.com/brigham.buhler/p/DOZGZ2XEZeY/,22244,514,2025-09-09 18:51:11,"Just had the privilege of joining my buddy joerogan on his podcast for the 4th time. We went deep on Americaâs broken healthcare system, one that isnât just captured by corporate interestsâ it was born in captivity. Time to break the chains. Link in bio for full episode."
https://www.instagram.com/joerogan/p/DOOsGVMkQ-r/,51073,2395,2025-09-05 17:48:55,Fight Companion! Live on the PowerfulJRE youtube channel during the main card tomorrow at 2pm CDT brendanschaub bryancallen gordonlovesjiujitsu and me!
https://www.instagram.com/rsrproject/p/DOOhCCUDWfZ/,181,2,2025-09-05 16:12:13,"So! Excited to be able to announce that this beauty was built for joerogan joeroganexperience I had the pleasure of meeting him. What a genuine, down to earth guy and a car guy! Knows his shit. We hope he enjoys it as much as we did taking this journey with him. ð kieranbuttrick"
https://www.instagram.com/joerogan/p/DNbw8h1xSlp/,57118,1759,2025-08-16 23:10:00,Go time! ufc319 carnivore.snax
https://www.instagram.com/joerogan/reel/DO1M9O-EZjK/,308427,16036,2025-09-20 16:50:37,"I was elk hunting in the mountains all week with very limited service, so I missed out on all the fun screeching about the Jimmy Kimmel situation. My brother andrewschulz nailed it all beautifully. Iâll be back to podcasting on Monday and weâll go over it all."
https://www.instagram.com/joerogan/p/DOOnqvijZGx/,68821,1662,2025-09-05 17:10:12,There is no one alive that is better at making fun of the absurdity and chaos of these bizarro times than timjdillon Our conversation is available now on spotify youtube and everywhere else
https://www.instagram.com/joerogan/p/DLdM19GRjd6/,83705,770,2025-06-28 19:30:14,"Tonight!! Thereâs some really exciting matchups on this card that might be flying under the radar. paytontalbott vs felipelimamma is going to be a wild one, and cobe1423 vs hybridufc should be wild for as long as it lasts. Then of course the two world title fights, pantoja_oficial vs kaikarafrance and charlesdobronxs vs iliatopuria! Lots of great undercard matchups"
https://www.instagram.com/joerogan/reel/DLdLFsrx4lW/,95033,3861,2025-06-28 19:15:37,"Do not let them sell our public land!! Repost Repost from randynewberghunter â NOT NOW, NOT EVER! It gets worse with every version. Senator Mike Lee wants to sell your lands to pay his political debts. This is just the beginning. CALL YOUR SENATORS NOW! 202 2243121."
https://www.instagram.com/jimnorton/reel/DLh7h8hIb2t/,7972,585,2025-06-30 15:37:36,I had such a great time with my friend and fellow Liberace lover joerogan. EP 2342 out now
https://www.instagram.com/joerogan/p/DLejg7eMz9v/,144913,1600,2025-06-29 08:07:35,"Thank you to my friend Nick from gaetanosristorante for taking care of us after the fights. The food was phenomenal! Iâve been going to Gaetanoâs since 1994 when they were in Calabasas, and theovon Din Thomas, jon_anik dc_mma and I had an incredible post fight meal. If youâre ever out in Vegas and you want legit Italian food this is the spot! Thank you! theamarolife"
https://www.instagram.com/joerogan/p/DMqAa_nM8R0/,63416,2079,2025-07-28 15:23:13,
https://www.instagram.com/joerogan/reel/DLYxkZ4M5w_/,109641,6310,2025-06-27 02:17:15,"We canât let them sell public land. Itâs a short sighted solution with massive long term consequences. Public land is ours. All of ours, and theyâre trying to sell it without our consent. Listen how my brother cameronrhanes lays it out. Repost cameronrhanes Hereâs the facts... senmikeleeâs latest iteration is more of the same. He doesnât get it or just doesnât care. All we can do is voice our concerns to our senators, governors, representatives, maybe even potus if he wants his âBig Beautiful Billâ to ever see the light of day. Please tell anyone else who will listen how we feel about Senator Lee and his obsession with selling public land. Please call, emailor write...share your posts, your thoughts and your feelings of being unheard with political leadership in your state."
https://www.instagram.com/ronwhiteofficial/p/DMfxAIBtTS6/,7348,308,2025-07-24 15:56:04,Ron White and Joe Rogan One night only at the historic Paramount Theatre. Thereâs only a couple tickets left for the 700pm show! 930pm show is selling quickly! 100 of ticketing proceeds goes directly to helping our brothers and sisters who need help after the flooding throughout Central Texas. This is a phonefree show and you never know who might show upâ Canât wait to see yâall there! ronwhite standupcomedy austin joerogan comedy
https://www.instagram.com/garybrecka/reel/DMIRuR5xfwZ/,121124,8153,2025-07-15 13:00:00,"From censorship to corruption, health freedom to longevity, joerogan and I dove deep into the truth about whatâs happening to our health, and why no one in power is fixing it. The full episode is officially LIVE! ð² Comment âROGANâ below to get the link."
https://www.instagram.com/jimnorton/reel/DMVnG1fOSqu/,15576,1459,2025-07-20 17:26:37,Great episode of JRE 2342 up now
https://www.instagram.com/joerogan/p/DLf02DnR_Cv/,3858,1231,2025-06-29 19:58:15,Tickets for Tuesday and Wednesday are on sale now comedymothership.com
https://www.instagram.com/joerogan/p/DLeRdLksNfS/,206935,5764,2025-06-29 05:29:47,"Amazing news! We did it! The public land sale has been removed from the bill!! Repost Repost from meateater â Every now and then, the good guys win. Because of thousands of voicesâyours includedâmillions of acres of public land were struck from the chopping block. The threatâs been erased from the bill. Not walked back. Not delayed. Erased. Itâs the kind of victory that doesnât make headlines, but it ought to. Because this wasnât just about keeping some remote corner of the West intact. It was about defending an idea. That this land belongs to all of us. That access to wild places isnât a luxuryâitâs a right earned and protected by citizens willing to speak up. Teddy Roosevelt once said, âA vote is like a rifle its usefulness depends upon the character of the user.â And this week, the American people proved their character. But letâs not mistake this for the end. This was one battle. Thereâll be more. So take a moment. Step outside. Breathe it in. The landâs still oursâfor now. Letâs keep it that way. meateater fueledbynature"
https://www.instagram.com/dannyjones/p/DMJky4yxQJm/,61779,1087,2025-07-16 01:06:07,"Got a chance to do a podcast with one of the realest dudes on planet earth joerogan and discuss the moon, war, drugs, music, creativity, technology, dark matter, the pyramids, Roman pharmacy aliens. Podcasting has changed my life and it would not have happened without JRE. Also shout out to my boy jessemichelsofficial for wine dining my ass in Austin!"
https://www.instagram.com/joerogan/reel/DK42A6jsxWb/,142020,1947,2025-06-14 16:39:13,"Last night my brother oliver_anthony_music_ performed at comedymothership, and it was glorious. This was our first weekend with a musical performer and it was really amazing."
https://www.instagram.com/joerogan/p/DKNGZ6PxdvP/,312811,10952,2025-05-28 16:54:44,"Update on wolves in Aspen, Colorado Back in February I posted about wolves being released on my friendâs ranch outside of Aspen, and the devastation it was bound to cause. Since then just on his neighborâs property theyâve had 7 calves and one cow killed by wolves, along with 4 calves and one cow wounded. And this is just one property. This Memorial Day weekend there was a series of wolf attacks at Lost Marbles Ranch, Crystal River Ranch and McCabe Ranch leaving two calves dead and others injured. These ranches have to hire men to patrol throughout the night to try to scare off wolves, and even that isnât enough. These are cunning and intelligent killers that theyâve moved into Aspen, and they havenât even started breeding yet. The people who live in this area are rightly freaked out by whatâs happening and itâs only going to get worse. For the record, I love wolves and all wildlife, but moving intelligent, ruthless predators into a community filled with cattle ranches that have no experience with wolves is an insanely stupid thing to do. And theyâve spent over 4.7 million dollars of taxpayer money doing it. Ballot box biology is a terrible idea, because most people have a romantic idea of what it means to have wolves living in the mountains near them. The people outside of Aspen are getting to experience what itâs really like, and itâs only going to get worse."
https://www.instagram.com/colossal/reel/DLINnVCswjL/,61641,932,2025-06-20 15:53:37,"âIâve seen wolves beforeâ but that is a different animal,â said Joe Rogan after meeting the dire wolves. He sat down with our Chief Science Officer Dr. Beth Shapiro to talk about what he saw."
https://www.instagram.com/joerogan/p/DK7tE3HRFLM/,5786,843,2025-06-15 19:17:42,Austin! Tickets for Tuesday and Wednesday are on sale now comedymothership.com
https://www.instagram.com/legionofskanks/reel/DLDjREwS7zX/,18580,540,2025-06-18 20:29:43,Weâve Entered Joe Roganâs Rogansphereððð¼ Clip From JRE 2339 â â ALL NEW LegionOfSkanks every Tuesday at 8PM E only on gasdigital â Create a profile w promo code LOS and get dicounted full accessâ¼ï
https://www.instagram.com/joerogan/p/DKSRvXlRuND/,187265,13803,2025-05-30 17:09:59,I had a great time talking to Bono and marshallmaerogan got a cuddle session with his favorite rock star. Episode available now on spotify and everywhere else.
https://www.instagram.com/joerogan/p/DKXuQQLxOKh/,14929,1372,2025-06-01 19:55:20,Tickets on sale now for Tuesday and Wednesday comedymothership comedymothership.com
https://www.instagram.com/ozthementalist/reel/DKhqynxgSTY/,213046,1001,2025-06-05 16:46:11,"A dream come true!! ð joerogan I have spent years preparing for the day I would earn my spot on the world's biggest podcast. An opportunity this big is not one to squander or play safe, not going for a double or a triple but rather a walk off grand slam. I went for it, took big risks and relished the blown away reactions of Joe and jamievernon and even more so the big laughs. Thank you again joerogan for having me on, it was truly a pleasure and an honor ðð"
https://www.instagram.com/joerogan/p/DLNms_JsHpk/,3468,1023,2025-06-22 18:08:21,Austin! Tickets go on sale at 2pm CDT comedymothership.com
https://www.instagram.com/jessemichelsofficial/p/DKfFnOaJ9B_/,60834,815,2025-06-04 16:34:08,"Truly the honor of a lifetime to sit down with the GOAT himself joerogan and discuss the AI apocalypse, Bob Lazar, UFOs Nuclear Weapons and Secret Antigravity Research from the 50âs. He and JRE have been a massive inspiration for me. This was beyond surreal ðð PS My editor Bryan is as responsible for the success of American alchemy as I am. He is a legend and the best in the world. I am permanently grateful for him PPS HUGE shoutout to my good friend brigham.buhler and ways2well both for introducing me to Joe who I can now call a friend and for SAVING my ass when I got sick a few weeks before the podcast. They are revolutionizing healthcare and I love them."
https://www.instagram.com/joerogan/p/DKpfCmGMkJ4/,13571,1572,2025-06-08 17:28:44,Tickets on sale at 2pm CST comedymothership.com
https://www.instagram.com/joerogan/p/DKFyHhsRcgM/,9772,630,2025-05-25 20:42:46,Tickets for this week available now at comedymothership.com comedymothership
https://www.instagram.com/joerogan/p/DJzRATPxRfG/,11783,783,2025-05-18 16:07:06,Tickets go on sale at 2pm central comedymothership comedymothership.com
https://www.instagram.com/joerogan/p/DJnD0hRxlkW/,27866,1108,2025-05-13 22:21:00,Fun times with my brother Tommy Bunz! His hilarious new netflix series âBad Thoughtsâ is out now. Itâs fucking absolutely insane. Completely original and unbelievably funny. Our podcast is out now on spotify and everywhere else. seguratom
https://www.instagram.com/joerogan/reel/DJ9a10IRP1V/,129651,3257,2025-05-22 14:47:54,"This is something that I think every person should know about. This is just one of these AI bot experiments that has been exposed, and thereâs no telling how many more are active right now. The terrifying thing is how effective they are. Repost from aiconversation â â ï AI bots secretly manipulated thousands of Reddit usersâand no one noticed. Researchers at the University of Zurich ran 13 bots that posted 1,500 comments, changing minds 6x more effectively than humans. â AI scanned usersâ histories before replying â Crafted hypertargeted persuasive arguments â Undetectableâearned 10,000 karma Reddit is now taking legal action. But the real question isâ How many bots are still out there? ð AIManipulation RedditBots TechEthics AITruth SocialMediaManipulation"
https://www.instagram.com/joerogan/p/DJHrbaJxDFx/,500225,35128,2025-05-01 17:51:24,"Remote viewing is real. Aliens exist, and the USA has at least 10 crafts that are from non human intelligence. All according to renowned physicist Hal Puthoff. halputhoff Itâs a wild one! Available now on spotify and everywhere else."
https://www.instagram.com/joerogan/p/DJHLqzURZXN/,351499,7700,2025-05-01 13:13:53,"My bestest boy marshallmaerogan is trying to get me to fall off the wagon. I havenât had a drink in about 2 months and I feel great. Almost makes me feel dumb for not quitting a long time ago. I do so many things to stay healthy only to sabotage it with booze multiple days a week. Glad my dumb ass figured it out eventually. Marshall, on the other hand wants to get hammered and go to the dog park. badinfluence"
https://www.instagram.com/joerogan/p/DJVPw70M4BG/,55873,757,2025-05-07 00:19:03,My brother cameronrhanes is in the middle of a 250 mile run that he happens to be doing with a broken bone in his foot. His new book âUndeniableâ is out now. Our podcast is out now on spotify
https://www.instagram.com/joerogan/p/DJMnRuvs-Q-/,53693,1835,2025-05-03 15:51:20,My favorite way to clear my mind.
https://www.instagram.com/joerogan/reel/DJoB6rpgs85/,72247,1384,2025-05-14 07:24:03,
https://www.instagram.com/joerogan/p/DJ22KuIsOax/,230624,6089,2025-05-20 01:29:33,Shout out to sideserfcakes for the incredible sabrinacarpenter cake they made for my daughterâs birthday. Incredible delicious art!
https://www.instagram.com/joerogan/p/DJhi03IRHmT/,20686,1368,2025-05-11 18:56:30,Tickets on sale at 2pm central comedymothership.com comedymothership
https://www.instagram.com/paulyshore/reel/DJulJqLSdrn/,20365,250,2025-05-16 20:28:56,"From JRE, the magic of my mom and thecomedystore. Catch me in Austin at joeroganâs club comedymothership on Thursday, May 22. Love it there and the environment Joe is creating for comics now too."
https://www.instagram.com/joerogan/reel/DJkVDgtRjn2/,183922,2317,2025-05-12 20:54:13,The cutest use of AI yet. madflavors_world
https://www.instagram.com/halffaceblades/reel/DIwmPhwT7ay/,3209,148,2025-04-22 18:47:36,"Have you tried this stuff yet? If not, youâre doing yourself a disservice. Hit the site, grab a batch and thank us later the end. hfb"
https://www.instagram.com/samuelriverafilms/reel/DIxCr0DxpDS/,21357,402,2025-04-22 22:55:51,"In this video, Naval Ravikant naval doesnât just explain why you feel overwhelmed and exposes the systems designed to keep you that way. Social media. Processed food. P0rn. Pharmaceuticals. 247 news cycles. Theyâre not just distractions â theyâre engineered addictions. Excerpt from JRE 1309 joeroganexperience joerogan Follow Samuel Rivera Films httpsamuelriverafilms.com httpinstagram.comsamuelriverafilms httpfacebook.comsamuelriverafilms httpyoutube.comsamuelriverafilms httptwitter.comsamuel_films Want to support? PAYPAL httpsbit.ly3tW3Tfb"
https://www.instagram.com/comedymothership/reel/DIh7FVSIhM8/,65584,837,2025-04-17 02:10:47,Joe âï Joey
https://www.instagram.com/joerogan/p/DJE27ckR6sa/,73498,996,2025-04-30 15:34:11,"jeremyrenner almost lost his life in a freak snowcat accident, and his story of recovery and how it changed his perspective is one of the most inspirational conversations Iâve ever had. Episode available now on spotify and everywhere else, and his book âmy next breathâ is out now."
https://www.instagram.com/brigham.buhler/reel/DJFe5njSqar/,11444,162,2025-04-30 21:25:52,"Huge thanks to my longtime friend joerogan for sending the legend himself, madflavors_world , our way at ways2well. Nothing better than helping good people get back on track with their health! ðªð¼ð½"
https://www.instagram.com/colossal/reel/DIwMioOsNBQ/,18079,682,2025-04-22 15:01:15,"Maybeâjust maybeâweâve become the planetâs apex predator. At the very least weâre, âvery good at changing the natural flow of things.â In conversation with joerogan, our Cofounder and CEO Ben Lamm shares how weâre starting to use that power for good opensourcing tech for conservation, rewilding species through deextinction, and helping restore the ânatural flow of things.â"
https://www.instagram.com/joerogan/p/DIXOXHFMgE-/,98869,1285,2025-04-12 22:13:52,Time to get down. ufc314 carnivore.snax
https://www.instagram.com/joerogan/p/DIsFIueMzIt/,295482,4241,2025-04-21 00:37:19,"One of my new favorite ways to cook elk. Sliced about 12 inch thin seasoned with pitmasterus OG, fried in beef tallow with a slice of cheddar on top and sliced jalapeno. Perfection. Dope elk antler steak knife by halffaceblades from an elk I hunted."
https://www.instagram.com/joerogan/p/DIhD4VWRCaP/,271462,2632,2025-04-16 17:54:41,"A fun time with one of the baddest motherfuckers on earth, the great and powerful iliatopuria! Now available on spotify and everywhere else"
https://www.instagram.com/jordan.b.peterson/p/DIwad9HO0Hy/,236012,999,2025-04-22 17:00:40,Three monsters today. Thanks joerogan. Episode out now.
https://www.instagram.com/joerogan/p/DJFucXDsS87/,12064,434,2025-04-30 23:39:16,"rodriguez is a real creative force of nature. His way of thinking and acting on ideas isnât just applicable for filmmaking, itâs advice that can really serve anyone for bettering your life and getting shit done. Heâs such an amazingly positive person too. I really enjoyed our talk. Podcast is out now on spotify and everywhere else."
https://www.instagram.com/joerogan/reel/DIeDFshMjrv/,29335,406,2025-04-15 13:51:03,The great and powerful timjdillon has a new special out on netflix! Filmed live in Austin at comedymothership!
https://www.instagram.com/joerogan/p/DIJ0gXQMAzR/,130824,3378,2025-04-07 17:17:49,This one is FUCKING WILD. Literally. Ben Lamm and his team are Colossal Biosciences have brought back the Dire Wolf. Fascinating conversation available now on spotify
https://www.instagram.com/calleymeans/reel/DICO9lnuX8c/,21613,731,2025-04-04 18:36:25,Itâs so simple there are trillions of dollars of incentives that profit from you being sick. The efforts of seckennedy and realdonaldtrump to combat this are spiritual. We must support them against forces including media to maintain status quo.
https://www.instagram.com/joerogan/p/DHggd5MMfgh/,14620,817,2025-03-22 16:13:51,Fight Companion today! 3pm CDT when the pain ufc card starts. eddiebravo10p brendanschaub gordonlovesjiujitsu and me! Live on the PowerfulJRE youtube channel
https://www.instagram.com/joerogan/p/DHtGkJoMA_I/,73523,7645,2025-03-27 13:37:39,"âDissolving Illusionsâ is a really great book. I probably would have never thought about exploring the real history of vaccines if we hadnât gone through the insane Covid gaslighting of the last 5 years, but after Dr. Humphriesâ book Iâll never look at it the same way again. Sheâs a very brave and brilliant woman. Episode available now on spotify"
https://www.instagram.com/killtonyshow/reel/DIHY0V2xvOr/,9439,329,2025-04-06 18:40:39,Drops at midnight on Netflix.
https://www.instagram.com/joerogan/p/DHyisMssron/,24452,1161,2025-03-29 16:19:37,Always a fun time with Big Jay! One of the absolute best crowd work comics of all time! Heâs a got a two part crowd work special out right now on youtube called THEMTHEY and itâs fucking awesome. Our podcast is available now on spotify
https://www.instagram.com/joerogan/p/DHhZEYFsaDV/,59798,1895,2025-03-23 00:28:26,Big fun with the boys! gordonlovesjiujitsu brendanschaub jamievernon and eddiebravo10p
https://www.instagram.com/chriswillx/p/DHd4Dz0oWDk/,131539,1014,2025-03-21 15:42:17,"We go again ð Meth, pyramids testicle transplants a pleasure doing business with you sir ð"
https://www.instagram.com/joerogan/p/DIJZlRUs_YW/,15887,641,2025-04-07 13:22:33,"Slow Horses is a solid fucking show. So much good content available today. Itâs impossible to watch all the good shows. If you like a good spy show, this one is for you. Gary Oldman is awesome as usual."
https://www.instagram.com/joerogan/p/DHv8hFUM2uv/,53139,2178,2025-03-28 16:07:34,"This one is pretty fucking nuts. Scott Payne spent 25 years undercover for the FBI infiltrating outlaw biker gangs and neo Nazi groups, and man does this dude have some fucking insane stories. Episode available now on spotify"
https://www.instagram.com/kyledunnigan/reel/DIJsHKCR_qq/,6462,105,2025-04-07 16:05:45,Shout out to UConn acting school! joerogan joeroganexperience
https://www.instagram.com/joerogan/p/DH1IqXJsP11/,52760,3122,2025-03-30 16:29:53,"The Righteous Gemstones is one of the funniest shows of all time. Just started watching it a few weeks ago, and holy shit no pun intended is it good."
https://www.instagram.com/duncantrussell/reel/DG9EEzSpeOE/,19773,1024,2025-03-08 21:54:32,AI Satan DTFH 666 with joerogan
https://www.instagram.com/joerogan/p/DGoJR82RDCn/,116682,14798,2025-02-28 18:53:46,Fun times with the Rocket Man. Now available on spotify
https://www.instagram.com/joerogan/p/DG5t0oAMLWy/,36342,1662,2025-03-07 14:40:10,Another beautiful time chilling my brother andrewschulz! Catch his new netflix special out âLife.â Itâs out now and itâs fucking brilliant. Our podcast is available now on spotify
https://www.instagram.com/joerogan/p/DGlfzdexX1J/,44059,2595,2025-02-27 18:12:52,"American Primeval is a fucking phenomenal show. pberg44 came on the podcast to talk about it, and a bunch of other cool shit. Peter is an amazing person and an incredible filmmaker. Always a pleasure to spend time with him. Episode is now available on spotify"
https://www.instagram.com/joerogan/reel/DHRT82ixZta/,114636,3497,2025-03-16 18:37:21,John Cleese nailed it 30 years ago. Amazing how little things change. Repost builders
https://www.instagram.com/joerogan/reel/DG3II5uxJf9/,56328,774,2025-03-06 14:32:52,Morning exercise with the happiest dude around marshallmaerogan
https://www.instagram.com/joerogan/p/DGtt_jUMPLM/,158329,2014,2025-03-02 22:50:47,"Watching the replay of the outstanding title fight last night between gervontaa and oneof1x. I had never seen Lamont fight before, but Iâm a big fan now. Fight was a draw, but it was an amazing contest and I really hope they run it back."
https://www.instagram.com/joerogan/p/DGgcfEsRjGR/,27770,1443,2025-02-25 19:07:40,Thank you to turkeymerck for the cool coffee mugs!
https://www.instagram.com/joerogan/p/DGqkQmdxxVP/,104119,3752,2025-03-01 17:28:00,Hanging out with Bill Murray was everything I hoped it would be. Episode is out now on spotify
https://www.instagram.com/onnit/reel/DGjCulaPMAD/,8670,595,2025-02-26 19:21:46,"Alpha BRAINÂ is a caffeinefree nootropic blend designed to help optimize cognitive function.â ð It supports alpha wave production in the brain and helps maintain acetylcholine levels, a key neurotransmitter involved in memory and learning.â Formulated with âï LTheanine â supports relaxation without drowsinessâ âï Alpha GPC â helps maintain neurotransmitter functionâ âï Vitamin B6 â essential for brain health and cognitive performanceâ ð Tap the link in our bio to learn more. onnit alphabrain focus"
https://www.instagram.com/joerogan/p/DHOvBq6xAZD/,186304,3363,2025-03-15 18:34:44,"I love rucking. Itâs a great way to get real exercise out of a normal hike. This outdoorsmans pack I wear has a post so you can put plates on it. This is just 45 pounds, which is a fairly normal amount of weight that the average American wants to lose. Itâs always shocking how uncomfortable just a small amount of weight like this is in a pack, and I always think about how many people who are carrying around this amount of extra body weight must feel, and how relieved I feel when I take it off."
https://www.instagram.com/joerogan/p/DG9O7GRy5DU/,48269,1287,2025-03-08 23:27:08,LFG
https://www.instagram.com/joerogan/p/DGPFtgFM0_c/,207364,14970,2025-02-19 01:21:34,At this point I think theyâre just fucking with us.
https://www.instagram.com/joerogan/reel/DGYjj3Nx_pi/,398858,23775,2025-02-22 17:37:20,An AI robot got aggressive with spectators in China. The way it did it was eerily human. I donât like this at all.
https://www.instagram.com/joerogan/p/DGW-WamsjqA/,52682,2852,2025-02-22 02:51:11,"Severance is a fantastic show. Completely original and totally unpredictable. Amazing writing, directing and acting. Just a totally unique show. Just finished season one and on to season 2 on appletv"
https://www.instagram.com/joerogan/p/DGBUgyYxmOe/,36102,5620,2025-02-13 17:01:32,This one is a BANGER. mikebenzcyber returns with a deep dive into insane government corruption. Donât watch this one right before you go to bed. Now available on spotify
https://www.instagram.com/joerogan/p/DGYv6x4RX5r/,242330,2989,2025-02-22 19:23:33,It was an honor and a privilege to sit down and have a conversation with woodyharrelson. What a friendly and cool guy. I really enjoyed it. Episode is available now on spotify and everywhere else.
https://www.instagram.com/mikebenzcyber/p/DF__H-FtVve/,33816,730,2025-02-13 04:35:25,BenzRogan Round 2 A Wild Ride Thru USAID
https://www.instagram.com/joerogan/p/DF2BXqzundl/,78374,2481,2025-02-09 07:42:37,Fun times on the FightCompanion! With mattserrabjj brendanschaub bryancallen and jamievernon
https://www.instagram.com/killtonyshow/p/DFyh4ONA3CJ/,22125,331,2025-02-07 23:09:44,Tonight 8pm on YouTube.
https://www.instagram.com/joerogan/p/DGMWpASsZpg/,348934,24111,2025-02-17 23:51:47,"They released a new batch of wolves a couple weeks ago in Colorado, right onto a friendâs ranch. He found this elk leg in the snow after neighbors spotted the wolves on the prowl. He has livestock on his land and no one even bothered to alert him as to what they were planning. He said he thinks it was 5 wolves. This is only 30 minutes outside of Aspen. Iâm a fan of wolves, and all wildlife, but I think ballot box biology is a terrible idea. Most of these people all gung ho for the reintroduction have no idea what theyâve voted for. Thereâs a reason why they eradicated wolves from the west ages ago, and a reason why theyâre the bad guys in every old fairy tale from little red riding hood to the 3 little pigs. Theyâre brilliant, ruthless hunters, and they will kill and eat everything they can, including cattle, horses and dogs. Aspen is going to get very weird in the upcoming years, and Iâm sure many people are going to regret this decision. Theyâll have to eventually allow wolf hunting when the numbers get too high, but good luck hunting them or even finding them if they donât want to be found."
https://www.instagram.com/joerogan/p/DF1SNhvM2tW/,70444,4506,2025-02-09 00:50:33,I WANT TO BELIEVE.
https://www.instagram.com/joerogan/p/DGTeG-HRUrr/,134246,2598,2025-02-20 18:11:43,"I really enjoyed talking with magnus_carlsen about the lifelong obsession heâs had with chess, and the state of the game. Heâs a very interesting and friendly guy, and itâs always fun to try to pick the brain of such a high level performer. Thank you also to my brother tonyhinchcliffe for sitting in with us. Tony loves chess, so it was a big treat for him as well. Podcast available now on spotify and everywhere else!"
https://www.instagram.com/joerogan/p/DFyRT4FxQzb/,33143,1974,2025-02-07 20:44:57,We will be doing a FightCompanion for this Saturdays ufc UFC312 with mattserrabjj joining brendanschaub bryancallen and me. All live during the main PPV card on the PowerfulJRE youtube channel. Joey Diaz was supposed to join us but he got a bad case of the flu and was advised not to fly for a couple months. Weâll get him back on in the future! Iâm pumped for these fights!!
https://www.instagram.com/outdoorchanneltv/reel/DE2KVYJx54Y/,11800,279,2025-01-15 12:32:59,âHYPOCRISYâ as explained to us by Michael Waddellâs officialbonecollector on the joerogan podcast! THIS IS GREAT!!! findyouradventure outdoors hunting deer deerseason deer hunting hunt hunter hunters deerhunter whitetail
https://www.instagram.com/joerogan/p/DFD2CAHR3w-/,503202,12766,2025-01-20 20:01:31,Wellâ that was pretty fucking surreal.
https://www.instagram.com/joerogan/p/DFv-OmxMnZO/,65061,4666,2025-02-06 23:19:44,I WANT TO BELIEVE.
https://www.instagram.com/joerogan/p/DFMdSM1sE3N/,498500,20854,2025-01-24 04:18:27,LETâS FUCKING GO
https://www.instagram.com/joerogan/p/DE-s9sgSKEy/,261415,4189,2025-01-18 20:06:05,"Great food and conversations with great friends is fuel for the soul. Had a perfect evening last night with my brothers bryancallen and ericrweinstein at viavenetosantamonica where the food is absolutely sensational, and then a cigar at hollywoodsmokecigars"
https://www.instagram.com/joerogan/reel/DE5W_E2xExB/,34262,918,2025-01-16 18:19:35,"My brother arishaffir has an amazing new special out now on netflix, âAmericaâs Sweetheart.â"
https://www.instagram.com/paulytoon/reel/DFxxE3bxa8U/,28789,231,2025-02-07 16:17:53,JRE Toons Joeysâ Hospital Mayhem Moment. It may be a Fight Companion but that doesnât mean madflavors_world is gonna just chat about fights! Joey Diaz tells joerogan and tonyhinchcliffe about an incident when he was young and it gets messy! Please stay Tooned!! jretoons paulytoon joeydiaz joerogan tonyhinchcliffe
https://www.instagram.com/joerogan/p/DFRuUdVMfXW/,19858,2233,2025-01-26 05:23:30,I just finished season 1 of theagency_sho on paramountplus. I highly recommend it. Awesome show.
https://www.instagram.com/shawnryan762/reel/DE71_bpxHJ2/,122118,3067,2025-01-17 17:28:51,JRE EP2219 President Trump âIt was the department of commerce that needed the approvals but Gavin Newsom had to sign them...You got so much water all you have to do is sign. That guy didnât want to sign.â It is now believed that the LA wildfires could be the costliest natural disaster in the nationâs history.
https://www.instagram.com/lexfridman/reel/DFI_6iLyuii/,112043,1662,2025-01-22 20:05:48,Had a great conversation with joerogan and got to watch Starship's epic launch landing live. This is why I love America. LFG!!!
https://www.instagram.com/joerogan/p/DFyQZ-4xGM9/,157812,3495,2025-02-07 20:37:03,Fun times in the comedymothership green room with tonyhinchcliffe bret.weinstein tulsigabbard and abrahamwilliamsdp ðºðððºð
https://www.instagram.com/joerogan/p/DFrrrsJRgUc/,120544,2440,2025-02-05 07:20:43,"Tried out a phenomenal new Mediterranean steak house in Austin aris.atx Incredible food and a very cool vibe. Theyâve only been open for a couple weeks. Weâre so lucky to have such awesome restaurants in town, and this one is definitely one of my favorites now."
https://www.instagram.com/joerogan/p/DEA-Wd4xfBt/,49036,1263,2024-12-25 20:45:06,Merry Christmas from the great and powerful duncantrussell and me! Available now on spotify and everywhere else!
https://www.instagram.com/joerogan/p/DE1mkQ8u_xt/,500226,35128,2025-01-15 07:17:01,"14 podcasts in, 0 parks protected. Available now on spotify arishaffir marknormand shanemgillis"
https://www.instagram.com/joerogan/p/DElwm1tsNpD/,164424,1876,2025-01-09 03:36:54,The great and powerful theovon dropping science at the comedymothership
https://www.instagram.com/joerogan/p/DEYNMdysN0B/,126813,3612,2025-01-03 21:17:20,"This was one of the most important podcasts Iâve ever done, especially if you, or someone you know have struggled with addiction. governorperry and w_bryan_hubbard joined me to discuss Ibogaine therapy, and the efforts that have been made to bring it to Texas and to get this miraculous plant off the schedule 1 list. It has a truly insane rate of success for helping people kick addictions, cure anxiety and depression, and even many neurological conditions. The podcast is available now on spotify and everywhere else."
https://www.instagram.com/beond.us/reel/DEVzewOugDG/,62762,1322,2025-01-02 23:43:57,"joerogan, former Texas governor Rick Perry governorperry and Bryan Hubbard w_bryan_hubbard, former 1st Chairmen of the KY Opioid Commission and director of the reid.foundation American Ibogaine Initiative, shared an impactful conversation about the potential of ibogine to address addiction, trauma, PTSD, and mental health challenges, especially for veterans. Hubbard also emphasized the importance of safety and care, recognizing Beond as one of the trusted clinics setting the highest standards for treatment, where he personally experienced ibogine. This conversation is a groundbreaking moment in bringing ibogine into the public and legislative dialogue, leading the way for greater understanding and access to this lifechanging treatment. joeroganexperience MIGA makeibogainegreatagain"
https://www.instagram.com/joerogan/p/DETN1dUsO9Q/,127417,2686,2025-01-01 22:46:44,"Date night dinner a few nights ago at one of my favorite spots, hestia_austin. The just won a much deserved Michelin Star. We did the chefâs tasting menu and it was fantastic."
https://www.instagram.com/joerogan/p/DEiASenR8f_/,398951,43322,2025-01-07 16:36:58,I say we let Mexico in too.
https://www.instagram.com/joerogan/p/DEEsiiIOOIM/,500226,35128,2024-12-27 07:26:26,The famous Morrison Hotel that the Doors used as the name and cover photo of their 1970 album burnt to the ground today in LA. It was an abandoned building being used by homeless people.
https://www.instagram.com/joerogan/reel/DDm1D6DRHvM/,312435,9758,2024-12-15 17:04:21,This song slaps. Repost wellesmusic
https://www.instagram.com/joerogan/reel/DDvaMNCs9UF/,377190,17090,2024-12-19 01:02:47,"I do t know what this is, but I want to believe. Repost inspectortheory"
https://www.instagram.com/joerogan/p/DEp0_DdRp_l/,500226,35128,2025-01-10 17:32:07,"I had a great time talking to zuck, and marshallmaerogan and I got to try out some awesome new AR devices that Meta is working on. Episode is out now on Spotify!"
https://www.instagram.com/joerogan/p/DES-YocR6CJ/,94947,1958,2025-01-01 20:31:44,"Happy New Year! First episode of 2025 with Hip Hop royalty, the great and powerful raekwon from the legendary wutangclan! Available now on spotify and everywhere else."
https://www.instagram.com/joerogan/p/DDe7tImRaIH/,500226,35128,2024-12-12 15:27:48,"I had a great time talking to Quentin Tarantino and Roger Avary about how they met, how they got started making movies, their creative process, and all kinds of other cool shit. Episode is available now on spotify and everywhere else. Also, check out their show, The Video Archives Podcast."
https://www.instagram.com/joerogan/p/DCptNYKMcgr/,218036,11191,2024-11-21 23:21:23,We live in the funnest timeline.
https://www.instagram.com/joerogan/p/DC9nG8tR31i/,476206,15221,2024-11-29 16:52:53,
https://www.instagram.com/joerogan/p/DCrsk9-RNpD/,334668,6960,2024-11-22 17:54:21,"My man joshbrolin is a special human being. Fun and intelligent, friendly and soulful. I really enjoyed talking to him. Episode is out now on spotify and everywhere else."
https://www.instagram.com/joerogan/reel/DClW7Xgxod_/,100794,2672,2024-11-20 06:50:39,Driverless robot car in Austin.
https://www.instagram.com/mikebenzcyber/p/DDISxBzSW7u/,26673,655,2024-12-03 20:26:47,Letâs save the Internet
https://www.instagram.com/joerogan/p/DC7H61mxP2z/,247229,3271,2024-11-28 17:41:52,These fucking parks are not going to protect themselves! arishaffir marknormand shanemgillis and I had a great fucking time and we hope you do too. Available now on spotify Happy Thanksgiving!
https://www.instagram.com/joerogan/p/DDS2iDqSlPf/,59796,1907,2024-12-07 22:51:43,"Alpha Brain, carnivore.snax and coffee. Letâs fucking goooooo! ufc310 ufc onnit"
https://www.instagram.com/joerogan/p/DC4fDCfR6HG/,46838,3333,2024-11-27 17:06:15,"One of the most brilliant people that Iâm fortunate to talk to. Marc laid out some really shocking details of how individuals with the wrong politics get âdebanked,â and how certain regulations are in place to allow the government complete control of businesses that they deem important. Really eye opening stuff. Available now on spotify and everywhere else."
https://www.instagram.com/joerogan/p/DClU6NtRkAJ/,21352,1161,2024-11-20 06:32:06,Thank you to jambottlecapart for the dope Sam Kinison piece that now graces our comedymothership wall.
https://www.instagram.com/joerogan/reel/DDi3yBkskbt/,82995,1202,2024-12-14 04:11:41,The great and powerful madflavors_world called this NJ drone shit years ago. Repost thejrecompanion
https://www.instagram.com/joerogan/p/DCpJBOGxWVr/,342446,19996,2024-11-21 18:05:09,Updated my bio.
https://www.instagram.com/joerogan/reel/DCiAUQVMVU0/,326291,2872,2024-11-18 23:36:19,"Weâre all going to miss jonnybones when heâs gone. Like my brother davidgoggins likes to say, he is âuncommon amongst uncommon men.â Repost from jtgstoic â There is a savage beast in every man. Believe in yourself, take on your challenges, and dig deep within yourself to conquer fears. ðââââââ ââââââââââââââââââââââââ Speaker joerogan ââââââââââââââââââââââââ mindset motivation successmindset positivemindset believeinyourself billionairemindset athletemotivation stoicmotivation fitnessmotivation gymmotivation nevergiveup championsmindset championsmentality mmamotivation ufc jonjones joerogan"
https://www.instagram.com/joerogan/reel/DCee_OHx5IW/,875513,7328,2024-11-17 14:47:27,Highlight of the night jonnybones with the KO victory followed by the Trump dance.
https://www.instagram.com/joerogan/p/DCar7dYsKp7/,199752,3233,2024-11-16 03:21:36,"Torrisi in NYC. About as good as itâs possible for Italian food to be. Fucking sensational. East Coast Italian food is my favorite, and itâs the main thing I eat when I come to New York. Torrisi knocked it out of the fucking park. Kudos to majorfoodgroup"
https://www.instagram.com/paulytoon/reel/DCXMHVjxHOF/,26078,238,2024-11-14 18:57:55,Joey Diaz Miocic MomentJRE Toons. I dusted off an oldie but a goodie. joerogan madflavors_world and the boys shoot the shit about mma jonjones and stipemiocic
https://www.instagram.com/joerogan/p/DCiDna6sKUk/,100807,1948,2024-11-19 00:03:15,marshallmaerogan hops off the couch when he sees bears on TV.
https://www.instagram.com/joerogan/p/DCHjKXpxPe7/,541135,17872,2024-11-08 16:59:25,
https://www.instagram.com/joerogan/p/DCcnzqsRVa7/,105511,1676,2024-11-16 21:24:04,Iâm so fucking pumped! Fight day! ufc ufc309
https://www.instagram.com/robertfkennedyjr/reel/DCNaZ8tyWJV/,132259,2271,2024-11-10 23:38:50,"Yes, JoeRogan veterans are the most deserving of benefiting from psychedelic therapy."
https://www.instagram.com/joerogan/reel/DCIHgJ6xxOm/,1034682,47691,2024-11-08 22:18:39,"FREEDOM. America is back, baby! ðºð"
https://www.instagram.com/joerogan/p/DCScfYVxA2r/,145334,3739,2024-11-12 22:32:46,realroyce
https://www.instagram.com/joerogan/reel/DCc1u3CsCG2/,89898,925,2024-11-16 23:26:29,My man giovannipaolony from giovannis.italian.deli came through!! One of my favorite parts of coming to NYC!
https://www.instagram.com/joerogan/p/DCZi3jaRlto/,95226,5028,2024-11-15 16:43:11,"The government spent 3 million dollars funding a study where they injected hamsters with steroids and cocaine and had them fight. A completely ridiculous and unethical study, but I would love to see the data."
https://www.instagram.com/joerogan/reel/DCBYG9yR3m-/,1889640,45292,2024-11-06 07:28:03,WHOLE. LEE. SHIT.
https://www.instagram.com/joerogan/p/DB7xmBdsanQ/,77184,4111,2024-11-04 03:14:38,3bodyproblem on netflix is fucking awesome.
https://www.instagram.com/joerogan/reel/DB0iW6gu9uz/,500226,35128,2024-11-01 07:50:08,AI is magic that weâre not ready for. Repost rart.digital
https://www.instagram.com/joerogan/reel/DB6t_o3xyRx/,254141,15407,2024-11-03 17:25:35,I think one of the most interesting moments of the podcast with johnfetterman was when we were talking about immigration. I think everyone should understand exactly what is happening.
https://www.instagram.com/joerogan/p/DB4IC-0RLM_/,93508,5930,2024-11-02 17:13:52,"johnfetterman is a very nice guy, and I really enjoyed talking to him and hearing his story. Episode is out now on spotify and everywhere else."
https://www.instagram.com/joerogan/p/DCBCpqEMkry/,103549,2174,2024-11-06 04:19:53,"Election Day shenanigans with the wizard of ranting, the great and powerful timjdillon available now while youâre sweating the results."
https://www.instagram.com/joerogan/p/DB9zvXZRwLC/,364945,13177,2024-11-04 22:11:52,"The great and powerful Elon Musk. Episode now available on spotify and youtube, soon to be uploaded on X as well. He makes an incredibly compelling case about how important this election is."
https://www.instagram.com/comedymothership/reel/DCBO-fmgJlq/,135513,1597,2024-11-06 06:08:36,âWeâre living in a simulationâ
https://www.instagram.com/joerogan/p/DB66pi2Rsor/,303841,4313,2024-11-03 19:14:31,Elk steaks on the traegergrills for lunch. Wild game is the best food on earth. Dope elk antler handle knife by halffaceblades
https://www.instagram.com/joerogan/p/DCAAXiqRPGx/,574957,15319,2024-11-05 18:40:42,
https://www.instagram.com/joerogan/p/DBzOTk8xv6y/,353360,12366,2024-10-31 19:32:22,I had a great time talking to jdvance. Available now on spotify and everywhere else.
https://www.instagram.com/joerogan/p/DCFtSIoMShG/,299848,23068,2024-11-07 23:49:23,This next season of America is gonna be lit.
https://www.instagram.com/robertfkennedyjr/reel/DBmMeogSBRc/,3709,92,2024-10-26 18:11:20,"JoeRoganâs interview with realDonaldTrump was a tour de force. His breadth and granular working knowledge on a range of random topics will surprise much of the nation. He spoke with specifics, conviction, and passion about California irrigation, nuclear power, North Korea, ISIS, boxing, the UFC, and the Lincoln Bedroom. He was calm and moved easily from each subject Joe raised, demonstrating his authenticity with honest thought, experience, and thoughtfulness Kamala Harris could never muster. I canât wait to get to D.C. and work with President Trump to Make America Health Again. MAHA ðºð"
https://www.instagram.com/bryancallen/p/DBm5y0DNayf/,31302,294,2024-10-27 00:42:14,Good times with the boys on thejrecompanion for UFC 308!
https://www.instagram.com/joerogan/p/DAwnRh5Mm2g/,39000,921,2024-10-05 22:41:25,Time to go to work UFC307 onnit Alpha Brain and carnivore.snax on deck!
https://www.instagram.com/joerogan/p/DBkf6qlMgRQ/,51315,1155,2024-10-26 02:17:38,Tomorrow! Live during the main card we will be live on the PowerfulJRE YouTube channel. eddiebravo10p bryancallen brendanschaub
https://www.instagram.com/joerogan/p/DAqmJZoMLz0/,222093,3580,2024-10-03 14:36:08,"Elk, jalapeÃos and montanaknifecompany 3 weeks ago this dude was screaming in the Utah mountains, and last night he was a delicious dinner for my family."
https://www.instagram.com/joerogan/p/DBkcfeWsGkO/,1302535,49254,2024-10-26 01:47:43,LETâS FUCKING GO
https://www.instagram.com/drcaseyskitchen/reel/DA9IM6cy3rX/,27687,691,2024-10-10 19:21:24,"Do you feel this too? I think we can change this in an instant. To do so we have to be courageous, make different choices, and focus on love and connection, not fear and separation. Does this feel overwhelming? Meditate. Create calm and quiet inside of ourselves to hear the signals. Pray. I believe calm, connected consciousness starting in the quiet alignment within each of us individual is profoundly powerful. Phones down, go outside, take a deep breath. Weâve got this. Thank you joerogan."
https://www.instagram.com/joerogan/reel/DBFlewuM8I1/,78824,1218,2024-10-14 02:11:18,"I received an awesome package from halffaceblades with a chefs knife collection and some hunting knives all made with the alter from an elk I hunted a couple years ago. Amazing company, American and veteran owned and they do fantastic work."
https://www.instagram.com/joerogan/p/DBrXGkVRumU/,113954,1479,2024-10-28 18:15:18,My man postmalone put on a beautiful show last night at cota_official
https://www.instagram.com/joerogan/p/DAxXc9msqU5/,183239,3372,2024-10-06 05:42:25,"dc_mma had his phone splattered with blood at the end of the main event. What a performance! alexpoatanpereira is a monster, and khalilrountree has the heart of a true warrior. What a fight!"
https://www.instagram.com/gasdigital/reel/DBw7FFSyQsp/,77260,3536,2024-10-30 22:10:07,Abolishing Income Tax is POWERFUL Join partoftheprpblem.com to access the full episode on demand and unlock many more member benefits! theproblemdavesmith robbiethefire joerogan donaldtrump trump rogan joerogan joeroganexperience davesmith
https://www.instagram.com/joerogan/p/DBsdgNMMXwI/,967071,34830,2024-10-29 04:30:29,"There seems to be an âissueâ where the Trump podcast is âdifficultâ to search for on YouTube, so Iâve uploaded it to X."
https://www.instagram.com/jon_anik/p/C_9xu_ORago/,76614,703,2024-09-16 04:51:33,LAS VEGAS â Broadcasting experience of a lifetime. That venue is beyond words. Give us one more shot in there! â spherevegas â ufc â bostonanik
https://www.instagram.com/paulytoon/reel/C_oVgD0pq2s/,31991,296,2024-09-07 21:11:01,A Dog vs Skunk Moment JRE Toons yannispappas tells joerogan about the time his dog came face to face with a skunk!jretoons paulytoon joerogancartoons
https://www.instagram.com/joerogan/p/C_a-LhPxnOs/,90027,7866,2024-09-02 16:26:53,What a fascinating time to be alive.
https://www.instagram.com/joerogan/reel/C_7lqTYxmor/,413412,2173,2024-09-15 08:29:06,This was the moment I walked into the sphere for the first time. What a venue! Itâs so insane to see in real life. I hope it translated onto your television.
https://www.instagram.com/killtonyshow/p/C_lkc8lyuPN/,9440,329,2024-09-06 19:13:44,8 PM CST on YouTubeâthe wait is overâ.enjoy responsibly. Night 1 of MSG airs tonightâ.Night 2 next Friday.
https://www.instagram.com/robertfkennedyjr/reel/DAbJK_bP6Xn/,3753,92,2024-09-27 14:37:58,"Thanks joerogan shawnryan762 ... With a mass movement behind us, realdonaldtrump and I will transform our food system. We will get the chemicals out of the water, air, food, and soil. We will drain the corruption out of the agencies that are supposed to protect the public. By 2028, I promise you, we will Make America Healthy Again."
https://www.instagram.com/joerogan/p/C_Zg6kLsPWl/,334629,6651,2024-09-02 02:51:56,I just finished binge watching the 6 seasons of Peaky Blinders on netflix. What a fucking show. I canât recommend it enough.
https://www.instagram.com/joerogan/p/C_6mGTxSKXV/,189894,2166,2024-09-14 23:12:10,The gang is all here! jon_anik dc_mma meganolivi for ufc 306!ð²ð½
https://www.instagram.com/shawnryan762/p/DAY55Juvxpj/,332452,5314,2024-09-26 17:42:21,WHAT A DAY! Everyone in podcasting owes this man some serious gratitude for paving the way. Thank you joerogan You are one cool MFer!
https://www.instagram.com/joerogan/p/C_kNm70uxWs/,19319,1916,2024-09-06 06:34:52,You need this show in your life.
https://www.instagram.com/joerogan/reel/DAKWIsuMVkr/,210553,2262,2024-09-21 02:03:34,"This is how good originusa camo is. This cow elk was feeding right past us, coming as close as 10 feet away. Never knew we were there. I waited until her head was down to film this, and by that time she was still only about 20 feet away. Pretty awesome. This was in the mountains of Utah. Incredible moment!"
https://www.instagram.com/joerogan/p/DAi0EA_Ra3e/,80456,12630,2024-09-30 14:03:48,
https://www.instagram.com/hubermanlab/reel/C_OkQ0pyI3V/,156783,1182,2024-08-28 20:59:12,"DOING HARD THINGS RESHAPES YOUR BRAIN Anterior MidCingulate Cortex MAKES IT EASIER TO DO OTHER HARD THINGS â This topic was discussed on the joeroganexperience podcast JRE No. 2195 as a daily protocol, the key feature being that you do something you donât enjoy, but that is adaptive healthy overall for you. The data indicate this may even allow you to maintain cognitive function to later ages and to possibly even live longer. You can listen to and watch the entire podcast on spotifypodcasts and other platforms. Many topics in the realms of science, health, media, olfaction sense of smell, creativity and human performance, were discussed during the episode. And we did 2 rounds of experiments with smelling saltsâ Thank you Joe for hosting me, and thank you everyone for your interest in science! hubermanlab stanford.med stanford joerogan health neuroplasticity"
https://www.instagram.com/theboneyardalaska/p/C_I3hkIP05K/,99220,1157,2024-08-26 15:42:24,"IMPORTANT ANNOUNCEMENT!!!!!!!! ICA ID Submitter ID Material Type Pretreatment Conventional Age Calibrated Age 14C8901 Calder 3 Ivory ColAAA 22610 110 BP Cal 25280 24880 BC 67.3 Cal 24820 24500 BC 28.2. The results are in from the lab on the section of mammoth tusk found this summer at the Boneyard. This piece appears to be a tool of some sort used by our ancestors around 25,000 years ago. It also appears to be hand cut or ground down to fit comfortably in a human hand. It was found in a new spot we opened up with the giants at a depth of 60 feet below the surface, all permafrost from the top down at the gravel silt interface, an area we simply call the bone zone. Iâm uncertain what this means in terms of the accepted timeline of humans living here that long ago but one thing is certain, this wasnât formed by, cut or shaped by natural erosion processes. Iâm sure weâll talk about it when I visit with joerogan at years end. This is one of the most significant discoveries weâve made at the Boneyard since we began this project 17 years ago. John Reeves."
https://www.instagram.com/joerogan/p/C_BjWYRRJ2c/,137778,3983,2024-08-23 19:31:26,WE ARE NOT ALONE. lueelizondo the former head of the Pentagonâs Advanced Aerospace Threat Identification Program spills the beans. Available now on spotify and youtube
https://www.instagram.com/joerogan/p/C-3If_Cxlg_/,85905,3496,2024-08-19 18:24:24,This is what dialed in looks like. 74 yards hoytbowhunting
https://www.instagram.com/joerogan/p/C-0g1_vRzmA/,691989,12111,2024-08-18 17:59:24,The most accurate description of my podcast Iâve ever read.
https://www.instagram.com/joerogan/p/C-0UIb2R1Wh/,80710,1226,2024-08-18 16:08:20,Fun times with the boys for fight companion! bscomedian brendanschaub tonyhinchcliffe! Shoutout to dricusduplessis for being an absolute dog! And shoutout to kaikarafrance for the incredible victory! Great night of fights!
https://www.instagram.com/joerogan/p/C-5szP6xjoC/,473423,8312,2024-08-20 18:20:05,It was a real honor and a privilege to have a conversation with russellcrowe! Available now on spotify
https://www.instagram.com/joerogan/p/C-vx15xRxDw/,48425,1701,2024-08-16 21:51:44,Fight Companion tomorrow night for ufc! Live on the PowerfulJRE youtube channel!
https://www.instagram.com/joerogan/reel/C_QwNNHx7j4/,73845,508,2024-08-29 17:13:11,marshallmaerogan and carlroofus âï
https://www.instagram.com/joerogan/p/C_BizBvxuj9/,161171,3833,2024-08-23 19:26:36,"I have a lot of shit on my mind. Always. But when Iâm out in the sun in the 98 degree Texas heat dropping 74 yard bombs into the vitals, all those things go away."
https://www.instagram.com/joerogan/p/C-xvX61sYfi/,18845,1109,2024-08-17 16:08:39,"Tonight! Fight Companion live on the PowerfulJRE YouTube channel with bscomedian tonyhinchcliffe brendanschaub and me! We will be live at 7pm Pacific, 10pm east coast during the main pay per view card."
https://www.instagram.com/onnit/p/C-2xZvxONtQ/,3,680,2024-08-19 15:02:35,"The wait is over The Joe Rogan Kettlebell is here! This exclusive, limitededition 55 lb KB is available for a short time. Sign up by September 1st to enter our drawing for a chance to purchase it ð Tap the link in Onnitâs bio to sign up now for your chance to own this collectorâs item. Onnit will donate 100K to Fight For The Forgotten, a nonprofit founded by MMA fighter Justin Wren, supporting displaced indigenous people in Africa. In collaboration with sculptor Christopher Genovese freakshopgallery, weâve created a unique kettlebell modeled after comedian, podcaster, and Onnit cofounder Joe Rogan. Onnit GetOnnit RoganKettleBell"
https://www.instagram.com/joerogan/reel/C-bbpg_MvxI/,13510,376,2024-08-09 00:13:49,Letâs fucking gooooo! Repost killtonyshow This weekend at MSG!!
https://www.instagram.com/joerogan/reel/C-fworVs4FP/,214182,2276,2024-08-10 16:34:54,Backstage at thegarden with my man giovannipaolony of giovannis.italian.deli and these insane sandwiches he made for us! Absolutely incredible. The meatballs were fire too!
https://www.instagram.com/troyconrads/reel/C-gJYVpSQRD/,3059,41,2024-08-10 20:22:10,Last nights killtonyshow at thegarden was astounding.
https://www.instagram.com/troyconrads/p/C-VlefaxDc9/,87374,1051,2024-08-06 17:43:26,Burn The Boats weekend in San Antonio with joeroganâ incredible time on an incredible special. I photographed Joe a lot while he was working this special out and itâs amazing to see it come together like it did. Now on netflixisajoke ð 2nd to last pic by the wonderful lauren.lo.smith burntheboats
https://www.instagram.com/joerogan/p/C-PWOrUugwI/,97373,1526,2024-08-04 07:34:45,Massive shoutout to tbudcrawford for putting on a masterclass tonight! 4 division world champion and one of the best to ever do it!
https://www.instagram.com/joerogan/p/C-tnKOjMBQV/,207425,2982,2024-08-16 01:39:55,dennisquaid is a cool motherfucker. An honor to meet him and have him on the podcast. Episode available now on spotify
https://www.instagram.com/joerogan/p/C-QMIxhsEYV/,270078,4636,2024-08-04 15:25:49,Celebratory post show cocktails with the homies! What an epic experience that was and a huge thank you to everyone that tuned in! tonyhinchcliffe arimatticomedy
https://www.instagram.com/joerogan/p/C-quQ0ys3Cu/,979468,7962,2024-08-14 22:44:16,"Had a really fun time talking to one of the nicest guys ever, the great and powerful adamsandler! Available now on Spotify"
https://www.instagram.com/joerogan/reel/C-jlH8kMEZa/,51415,628,2024-08-12 04:10:29,2 nights of epic killtonyshow at thegarden! What a weekend!
https://www.instagram.com/joerogan/p/C-gxOxKsvbR/,575174,10011,2024-08-11 01:57:47,Ran into Trump. Everything is cool.
https://www.instagram.com/joerogan/p/C-Yqeb5sh0C/,95847,2263,2024-08-07 22:24:50,This is the most âhiding in plain sightâ shit of all time.
https://www.instagram.com/joerogan/p/C-d1-JzMn94/,84321,2169,2024-08-09 22:41:29,LETâS FUCKING GOOOOOO!!!!! killtonyshow nyc thegarden
https://www.instagram.com/joerogan/p/C-Ln3kex_aL/,228915,6227,2024-08-02 20:51:56,Tomorrow night! netflix
https://www.instagram.com/joerogan/reel/C-JOtDys19x/,362766,5118,2024-08-01 22:34:45,This Saturday night Iâve got a LIVE comedy special on Netflix 7pm Pacific 10pm Eastern netflixisajoke
https://www.instagram.com/joerogan/p/C9_U2jhMFi4/,140534,2439,2024-07-29 02:14:53,6 days! Letâs fucking goooooo! Repost thejrecompanion Live Special! Joe Rogan âBurn The Boatsâ Only on Netflix Saturday 83 Follow joerogan Follow thejrecompanion joerogan burntheboats joeroganexperience jre thejrecompanion joeroganpodcast
https://www.instagram.com/joerogan/p/C-NxXMjMBbJ/,59413,3162,2024-08-03 16:53:22,Tonight on netflix! Letâs fucking goooooo!
https://www.instagram.com/joerogan/p/C-MCr2tssVL/,12507,707,2024-08-03 00:46:15,LFG
https://www.instagram.com/joerogan/p/C-JQwjIspLn/,45397,1095,2024-08-01 22:51:31,Norman Ohler normanohler was a fantastic guest. His book âBlitzedâ is the story of all the drugs Hitler and the Nazis were on during WW2 and how it affected the course of the war. Really fascinating stuff. Out now on spotify and everywhere else.
https://www.instagram.com/netflixisajoke/p/C-K6NHfzSD4/,6216,384,2024-08-02 17:00:01,"Joe Rogan Burn the Boats LIVE on Netflix Saturday, August 3 7pm PT 10pm ET"
https://www.instagram.com/joerogan/reel/C-OR920xpOh/,500226,35128,2024-08-03 21:41:45,My man corysandhagenmma has got me hyped with his walkout music! This is an insane fight about to go down right now against the great umar_nurmagomedov! ufc espn
https://www.instagram.com/joerogan/reel/C-D9RGfxrYb/,547178,5023,2024-07-30 21:26:23,Break in at the White House from my netflix special âTriggeredâ My new special is live this Saturday night at 7pm Pacific 10pm Eastern on netflixisajoke
https://www.instagram.com/joerogan/reel/C-O5ImTMplf/,160720,2961,2024-08-04 03:22:08,"Thank you for tuning in! That was a wild experience. Thank you to the amazing crowd in San Antonio for being so fucking cool, thank you to netflix and thank you to my amazing friends ronwhiteofficial tonyhinchcliffe and arimatticomedy What a ride that was."
https://www.instagram.com/joerogan/p/C9-rbiYxxKp/,9520,398,2024-07-28 20:12:55,Austin! Last 3 nights before I film my live netflix special this Saturday night! comedymothership httpcomedymothership.com
https://www.instagram.com/joerogan/p/C-KXYjduEdq/,104653,3343,2024-08-02 09:08:38,Letâs fucking gooooo! Repost thejrecompanion LIVE SPECIAL THIS SATURDAY!.. Joe Rogan âBurn The Boatsâ Only on netflix 10 PM EST Follow joerogan Follow thejrecompanion joerogan burntheboats joeroganexperience jre thejrecompanion joeroganpodcast
https://www.instagram.com/bambambaklava/reel/C9cp-jixaU9/,177677,1390,2024-07-15 15:21:15,"RECENTLY SPENT THE DAY WITH MY BROTHA joerogan TRAINING FOR SUCCESS, PHILOSOPHIZING AND DEMOLISHING SOME DELICIOUS FLESH kgbbq HERE WE HAVE TWO MEN DOING KETTLEBELL COMPLEXES IN UNISON. PART 1. GREAT DAY. fckthatsdelicious"
https://www.instagram.com/joerogan/p/C9atvsOsLNg/,5903,938,2024-07-14 21:00:30,Tickets for this week at comedymothership available now at httpcomedymothership.com
https://www.instagram.com/joerogan/p/C9NCPLEMlAF/,222551,3180,2024-07-09 13:30:11,"Saturday, August 3rd Iâm doing a live comedy special on netflix at 10pm east coast time. Iâm very pumped for this and I hope you enjoy it."
https://www.instagram.com/joerogan/p/C824fjcMvu8/,15443,870,2024-06-30 23:01:45,San Antonio! Saturday August 3rd is sold out so we added a Friday show. Tickets on sale tomorrow at 10am CST httpjoerogan.com
https://www.instagram.com/jordan.b.peterson/reel/C95oaUvy_SJ/,37584,174,2024-07-26 21:15:42,From my episode with Joe available on YouTube and Spotify. Limited preenrollment to petersonacademy is available now.
https://www.instagram.com/joerogan/reel/C9DS4obRnum/,137118,1528,2024-07-05 18:43:29,The master! madflavors_world
https://www.instagram.com/joerogan/p/C9528rEsxLJ/,111376,3302,2024-07-26 23:17:22,"There are very few activities that clear your mind like archery. In order to be accurate you have to have an entire shot process, and all your technique dialed in. Your mind has to be completely focused on this one task, and when you do that, the rest of the world just goes away. And the feeling of watching an arrow soar 74 yards and drop right into where youâre aiming is a unique satisfaction thatâs different than every other discipline Iâve ever pursued."
https://www.instagram.com/joerogan/p/C9u8pdpRQKK/,164677,1865,2024-07-22 17:35:32,Getting some treatments with the great and powerful francisngannou at ways2well! These people have helped me so much and Iâm so happy Francis is getting treated here as well. Theyâre so thorough and itâs been amazingly beneficial to me.
https://www.instagram.com/bambambaklava/reel/C9uwfFcxPQz/,35475,417,2024-07-22 15:58:08,POST WORK OUT NOURISHMENT IN AUSTIN TEXAS WITH BROTHER joerogan WE FEAST kgbbq EGYPTIAN BBQ FROM THE SKY AND EARTH GODS. BRAND NEW fckthatsdelicious fuckthatsdelicious IS LIVE NOW.
https://www.instagram.com/joerogan/p/C92WZEBs985/,150737,6313,2024-07-25 14:35:10,Just when you thought things couldnât get more fun on this season of earth. Coked up sharks!
https://www.instagram.com/joerogan/p/C84o11ls7tW/,11032,1491,2024-07-01 15:23:28,San Antonio! Tickets are on sale now for Friday August 2nd httpjoerogan.com
https://www.instagram.com/joerogan/p/C9tDPjbsZJg/,500226,35128,2024-07-21 23:54:40,This week at comedymothership! httpcomedymothership.com
https://www.instagram.com/joerogan/p/C8umLS4uTJ0/,12008,668,2024-06-27 17:47:46,San Antonio! Iâm performing there August 3rd. Tickets go on sale Friday June 28 at 10am CST. Tickets available at httpjoerogan.com
https://www.instagram.com/joerogan/p/C8vtxYKshMM/,521813,15351,2024-06-28 04:13:23,This season of America is lit. Kudos to the writers. Theyâre killing it.
https://www.instagram.com/joerogan/p/C8tjKHLuXgP/,123097,5928,2024-06-27 08:02:09,We're about to find out that we turn into those gray aliens.
https://www.instagram.com/joerogan/p/C81FldSuWNn/,817267,7708,2024-06-30 06:17:40,Poatan!!! Repost ufc POATANâS KO FROM ALL 3 ANGLES ð UFC303
https://www.instagram.com/joerogan/p/C8pmiD8RgMw/,66773,1588,2024-06-25 19:14:41,Fight Companion is always fun! This time with bscomedian hopping on with brendanschaub bryancallen and me
https://www.instagram.com/joerogan/p/C8nhwEqMbt6/,108934,1364,2024-06-24 23:54:25,Had a great time with the fellas watching gordonlovesjiujitsu do his thing. bscomedian lexfridman shanemgillis
https://www.instagram.com/joerogan/p/C8yXNViNsky/,114198,1035,2024-06-29 04:53:57,Had an amazing and terrifying time at officialescapeit in Vegas. The most creative and detailed escape room Iâve ever seen! If you like escape rooms I canât recommend this place enough.
https://www.instagram.com/joerogan/p/C8xYpjCSeld/,13576,615,2024-06-28 19:47:18,San Antonio! Tickets are now live for August 3rd at httpjoerogan.com Iâll be there with the great and powerful ronwhiteofficial and tonyhinchcliffe
https://www.instagram.com/joerogan/p/C8uXrBbMS2M/,381271,13067,2024-06-27 15:41:02,Shout out to all the homies out there blissfully unaware that weâre about 3 years away from living in a terrifying science fiction movie.
https://www.instagram.com/joerogan/p/C8r4X_zs5kp/,90366,2253,2024-06-26 16:29:04,We came together to save the world. protectourparks marknormand shanemgillis arishaffir available at 12pm CST today on spotify
https://www.instagram.com/joerogan/reel/C8m3nI0Afux/,101466,755,2024-06-24 17:46:41,marshallmaerogan and his bestie carlroofus at the studio
https://www.instagram.com/joerogan/p/C8zozEcptfm/,65148,921,2024-06-29 16:46:53,Letâs fucking goooooooo!!! Repost ufc Capping off June with a BANG ð B2YB Peacock TONIGHT 10pmET7pmPT UFC303
https://www.instagram.com/brendanschaub/reel/C8fSw1mSlm1/,19271,802,2024-06-21 19:12:16,JRE Fight Companion Saturday 12pm PST 2pm CST LIVE on JRE YouTube w joerogan bscomedian bryancallen and me. ðð¼ ð X t800ruben
https://www.instagram.com/joerogan/p/C7cETGlsLgK/,9614,781,2024-05-26 16:34:01,This week at comedymothership! Tickets go on sale today at 2pm CST httpcomedymothership.com
https://www.instagram.com/comedymothership/p/C8LlroggngU/,27169,386,2024-06-14 03:30:02,Green Room
https://www.instagram.com/joerogan/p/C7mjwmhuFjw/,500226,35128,2024-05-30 18:21:20,"A very fun day with the silliest man alive, my brother harlandwilliams! Episode available now on spotify youtube and Apple"
https://www.instagram.com/bambambaklava/p/C8IlEmJxmcr/,364508,3755,2024-06-12 23:26:59,TREMENDOUS DAY. BROTHERS. joerogan
https://www.instagram.com/joerogan/p/C7sC41ruu-9/,137806,1952,2024-06-01 21:29:33,"When in Jersey! We had to stop by and have dinner with madflavors_world at his favorite spot, ilnidonj! The food was INSANE!"
https://www.instagram.com/joerogan/p/C7kdeyhsBpO/,500226,35128,2024-05-29 22:48:00,"The great and powerful duncantrussell and I have negotiated with AI and we have decided to comply. Episode out now, wherever our overlords allow it."
https://www.instagram.com/joerogan/reel/C7-yeyqsnUY/,142562,1096,2024-06-09 04:15:13,"The amount of pressure involved in running one final rack for 250,000 is just INSANE. And my man gorstyanich pulled it off to become the World 9 ball Champion today and claim the biggest prize in professional pool history. Congrats! repost matchroompool"
https://www.instagram.com/joerogan/p/C7uKziOs7HW/,13411,461,2024-06-02 17:17:12,Austin! Tickets go on sale at 2pm CST httpcomedymothership.com comedymothership
https://www.instagram.com/joerogan/p/C7u9pHIshZO/,66796,2759,2024-06-03 00:41:26,74 yards into the boiler room. hoytbowhunting
https://www.instagram.com/joerogan/p/C7XuS-WMgEh/,83355,1638,2024-05-25 00:04:48,Weâre having the time of our lives at comedymothership when madflavors_world is in town! ð troyconrads
https://www.instagram.com/joerogan/p/C8Pdv-Us3q0/,196604,3422,2024-06-15 15:37:41,"Austin has an abundance of awesome places to eat, and Iâve been meaning to try kgbbq for a while, so when I got a chance to go there with my brother bambambaklava for âFuck, thatâs deliciousâ I jumped on it! Texas BBQ with some distinctive Egyptian spices! Absolutely incredible. The owner, Kareem, has an amazing story of living in Cairo and falling in love with Texas BBQ when he came here to visit, and eventually moving here to follow his dream. If you get a chance to go there donât miss out! Repost kgbbq kgbbq Blessed with 2 legends visiting my food truck this week! bambambaklava thanks for choosing us for your amazing show fckthatsdelicious and joerogan canât believe it took you that long to visit!! Loved hanging out with yâall, talking BBQ and everything else. I hope we meet again soon!"
https://www.instagram.com/joerogan/p/C7CrHfDgu9N/,280320,3404,2024-05-16 19:52:58,A beautiful day on the trails with my boy marshallmaerogan
https://www.instagram.com/joerogan/reel/C64_BEFMXeB/,500226,35128,2024-05-13 01:36:23,"I think we can still emerge from this chaos as a better, more informed, and more connected civilization. I think emerging from all this bullshit weâre going though together can unite us. But I think thatâs only possible if more people wake up and understand the parameters of this game weâre playing. Repost samuelriverafilms"
https://www.instagram.com/joerogan/p/C7Hn_DVgQy-/,500226,35128,2024-05-18 18:01:48,"One of the most interesting conversations Iâve ever had, with the great and powerful theterrencehoward. Itâs a wild one, and Iâm sure thereâs going to be a lot of mixed reviews, but as crazy as some of the things this man is saying are, heâs clearly brilliant, and if heâs right itâs going to change the world."
https://www.instagram.com/joerogan/p/C7LTeGjsJNP/,242530,9378,2024-05-20 04:19:30,âBut the peopleââ
https://www.instagram.com/joerogan/p/C7J7af_MsbI/,15973,669,2024-05-19 15:30:03,Austin! Tickets go on sale at 2pm CST today httpcomedymothership.com comedymothership
https://www.instagram.com/joerogan/p/C64ObzmACAa/,98670,1615,2024-05-12 18:29:56,The Texas wildflowers were beautiful today.
https://www.instagram.com/joerogan/p/C7PUyOCurQq/,378270,4777,2024-05-21 17:47:57,"I went without kicking for a whole year to deal with a knee injury and thanks to ways2well itâs now 100 pain free. The video of me hitting that bag was yesterday, and in the past if I did that the next day my knee would be sore, but today I feel absolutely perfect. That bag is 130 pounds and the amount of torque generated by kicking full blast is just insane. Itâs one of my favorite things to do and the best way ever to release stress, but before ways2well it felt like every time I did it it just fucked my knee up more. I canât thank them enough. ferrisbuhler81 the owner is an amazing guy and a great friend, and I canât thank him and his company enough. Also, a tremendous thank you to kneesovertoesguy for his knee strengthening exercises. Theyâve made a huge difference in keeping my knee strong and stable."
https://www.instagram.com/joerogan/p/C7A2wEIMTm4/,464713,37300,2024-05-16 02:56:09,This is completely normal.
https://www.instagram.com/joerogan/p/C67oD20sTlF/,149722,1487,2024-05-14 02:11:34,
https://www.instagram.com/joerogan/p/C7IQB5OMe21/,434725,5026,2024-05-18 23:51:43,What a fight! Congratulations to usykaa for winning the Undisputed Heavyweight Championship of the world! And huge props to tysonfury for not just surviving the 9th round but coming back strong. No one recovers from being rocked like Fury. Heâs truly got the heart of a champion. I canât wait for the rematch!
https://www.instagram.com/joerogan/p/C64sqkgM7hi/,101785,3711,2024-05-12 22:54:05,"So, I wanted to see what itâs like to take the day off caffeine. I was good until about 530 pm, and I started feeling hungover and like my brain was replaced with wet cotton. I wonât be doing that again."
https://www.instagram.com/joerogan/reel/C7PpDsJxsnT/,162393,10540,2024-05-21 20:46:02,Can one of you android fanboys explain this? remiwarren has a Samsung and itâs not letting him use his phone right now because it just started randomly downloading whatever the fuck this is. Thoughts?
https://www.instagram.com/therandytravis/reel/C6w_5i2Op9f/,32621,337,2024-05-09 23:08:50,JoeRogan highlights the brilliance behind Randyâs new release in this weekâs series of the JoeRoganExperience! Listen to âWhere That Came Fromâ and learn more about how the song was brought to life at the link in Randyâs bio.
https://www.instagram.com/joerogan/p/C6PMvrPOqnO/,437350,2785,2024-04-26 20:06:18,"One of the baddest motherfuckers to ever walk the face of the earth, and one of the coolest dudes as well! The great and powerful blessedmma now available on spotify youtube and apple"
https://www.instagram.com/joerogan/p/C6PxRvvML7x/,45127,950,2024-04-27 01:25:32,Letâs fucking gooooo!! Repost tonyhinchcliffe Wild times in the industry when a rabble rouser like myself ends up on the cover of variety magazine. Go buy one and read it or just pee on my face and tag me in the video. On newsstands now. ð troyconrads
https://www.instagram.com/joerogan/p/C64DjeNgMuK/,9352,221,2024-05-12 16:54:51,Austin! Tickets are on sale at 2pm CST httpcomedymothership.com comedymothership
https://www.instagram.com/joerogan/p/C6z1P_FsbQu/,244972,2106,2024-05-11 01:32:54,Broke in my new traegergrills with some elk back straps.
https://www.instagram.com/joerogan/p/C6hCRFAgCbq/,44845,1247,2024-05-03 18:21:04,"A great time with the legend! Former host of one of the best shows ever, âtough crowdâ the great and powerful iamcolinquinn! Now available on spotify youtube and apple"
https://www.instagram.com/joerogan/p/C6fZwASsCX8/,90130,1496,2024-05-03 03:07:48,Green room love and laughter with thechristinap bscomedian tonyhinchcliffe ehsanjahmad at comedymothership
https://www.instagram.com/joerogan/p/C6c1QghMKf9/,130276,2414,2024-05-02 03:10:26,Awwwwwwww! jamievernon carlroofus
https://www.instagram.com/joerogan/p/C6T_j_7AftI/,8473,513,2024-04-28 16:47:19,Austin! Tickets for this week go on sale today at 2pm CST httpcomedymothership.com comedymothership
https://www.instagram.com/joerogan/p/C6nEcPdsIDU/,6004,466,2024-05-06 02:35:31,Austin! Tickets are on sale now httpcomedymothership.com comedymothership
https://www.instagram.com/joerogan/p/C6P_jd1sq4U/,146604,3852,2024-04-27 03:30:17,I just watched episode 1 of thegentlemen on netflix and HOLY FUCK. Itâs amazing. Guy Ritchie killed it again!!
https://www.instagram.com/tulsigabbard/p/C6cPgi8Pq0m/,195219,2860,2024-05-01 21:40:35,"Thank you joerogan and marshallmaerogan for the workout, the cold plunge pain, and great conversation! Time has flown by since the first time you had me on your show, but so much has happened in the world in those short years. Through it all, Iâm so grateful for your friendship and support, and the positive impact you have on those around you. Thank you ðð½"
https://www.instagram.com/joerogan/p/C5mhp50sV0a/,53978,1291,2024-04-11 01:00:09,Behold the glory of killtonyshow with 2 sold out shows at thegarden
https://www.instagram.com/joerogan/p/C5z-AvWOrzR/,74057,867,2024-04-16 06:18:04,"At the UFC commentary desk with the legend! The original UFC champion, the great and powerful realroyce!"
https://www.instagram.com/joerogan/p/C6CGD8BAjL_/,23950,1332,2024-04-21 17:57:47,Austin! Tickets for this Tuesday and Wednesday are on sale at 2pm CST httpcomedymothership.com comedymothership
https://www.instagram.com/joerogan/reel/C6PKb1VgckC/,212774,952,2024-04-26 19:47:52,The great and powerful blessedmma received this amazing painting from rossbainesart of his ufc 300 celebration
https://www.instagram.com/joerogan/p/C51ZDvQO2Ym/,226641,9286,2024-04-16 19:33:39,The long anticipated debate between Graham Hancock and Flint Dibble is available now on spotify apple and youtube
https://www.instagram.com/joerogan/reel/C58_mX3gsWw/,158527,1914,2024-04-19 18:25:28,
https://www.instagram.com/joerogan/p/C5r26iRrtdt/,196007,3353,2024-04-13 02:42:08,"I donât think thereâs a restaurant in America that I can enthusiastically recommend as much as chefjoseandres bazaarbyjose in Vegas. Just sensational. Pork with crispy pork skin, venison, bison, amazing beef this place is off the charts good. I come here almost every time Iâm in Vegas and Iâm always impressed. If you ever get the chance to come here, donât miss out."
https://www.instagram.com/joerogan/p/C5u73esrQmh/,1216860,9476,2024-04-14 07:23:07,WHAT A FUCKING NIGHT. Shoutout to blessedmma for the KO of the century! Repost ufc MAX HOLLOWAY IS ONE BAD BAD MOTHER FER ð BlessedMMA UFC300
https://www.instagram.com/jeffweiroilworks/p/C59C3wav7WN/,38298,161,2024-04-19 18:53:42,Stoked to get this piece to joerogan and for the invite to hang comedymothership
https://www.instagram.com/joerogan/p/C5wAk_yRecY/,11855,408,2024-04-14 17:23:32,Austin! Tickets are on sale at 2pm CST httpcomedymothership.com comedymothership
https://www.instagram.com/joerogan/p/C587wUtu9ct/,556970,18750,2024-04-19 17:51:31,I had fun with tuckercarlson Available now on spotify youtube and apple
https://www.instagram.com/joerogan/p/C5tgVl4vNJa/,118772,1475,2024-04-13 18:03:20,Letâs fucking gooooooo! Repost ufc A Historic Card for a Historic Event ð Watch UFC300 live on ESPN PPV! B2YB DudeWipes
https://www.instagram.com/joerogan/p/C5VEeeRusTb/,456017,4287,2024-04-04 06:18:06,marshallmaerogan loves shogun as much as I do. When the scenes get intense he bites his toy.
https://www.instagram.com/joerogan/p/C5gud0pAMsG/,219976,1468,2024-04-08 18:56:39,marshallmaerogan wanted in on the fun. solareclipse2024
https://www.instagram.com/joerogan/p/C5jB3BksEDW/,535659,4121,2024-04-09 16:24:36,WuTang4life
https://www.instagram.com/troyconrads/reel/C5USyaXvuFc/,3059,41,2024-04-03 23:14:09,From a recent journey on the comedymothership
https://www.instagram.com/joerogan/p/C5L8X-cAybF/,131235,3383,2024-03-31 17:14:09,Austin! Tickets for this week at comedymothership go on sale today at 2pm CST httpcomedymothership.com
https://www.instagram.com/joerogan/p/C5gtapqO-oW/,646320,7322,2024-04-08 18:47:29,That was pretty fucking dope. solareclipse2024
https://www.instagram.com/joerogan/p/C5cV4g_sO_r/,437891,6574,2024-04-07 02:04:53,
https://www.instagram.com/joerogan/p/C5gqWiauprk/,718621,9385,2024-04-08 18:20:43,Iâm out here waiting on the Anunnaki.
https://www.instagram.com/joerogan/p/C5eDHmIu6LQ/,15862,470,2024-04-07 17:59:24,Austin! Tickets for this week at comedymothership go on sale at 2pm CST httpcomedymothership.com
https://www.instagram.com/joerogan/p/C5W_4GpMt5v/,72653,1937,2024-04-05 00:16:23,"A really fun and silly time with bmoremma mattserrabjj and dinthomas We havenât decided on a name for this podcast crew, but weâre definitely gonna do more of these. It was too much fun"
https://www.instagram.com/joerogan/p/C5Kf9y_MHWA/,98877,2597,2024-03-31 03:46:40,"Dinner at one of my favorite restaurants in Austin, peche_austin bouillabaisse and beef cheek ragu. It was sensational."
https://www.instagram.com/troyconrads/p/C5fIOpgL19U/,79418,305,2024-04-08 04:03:18,jellyroll615 just won the Best Performance Award at cmt awards and gave a HUGE shout to the comedymothership! Here are some pics of him partying at the Mothership and hanging with the crew at his show at germaniaamp. Congrats Jelly we love you!
https://www.instagram.com/joerogan/p/C46b6gBgBCS/,7677,412,2024-03-24 22:03:25,Austin! Tickets are on sale now for comedymothership httpcomedymothership.com
https://www.instagram.com/joerogan/p/C4uSpMmMmNZ/,107244,1546,2024-03-20 04:51:31,Post protect our parks 11 resources have arrived. nadcburger
https://www.instagram.com/joerogan/reel/C4wL5KuAbdh/,74569,510,2024-03-20 22:31:21,marshallmaerogan gets pumped to go for walks
https://www.instagram.com/joerogan/p/C4vu-GwuLeX/,242603,3771,2024-03-20 18:18:17,We went hard. 5 hours of drunken shenanigans with arishaffir marknormand and shanemgillis Protect Our Parks 11 now on spotify apple and youtube
https://www.instagram.com/joerogan/p/C43wtOfAN-z/,90837,1270,2024-03-23 21:07:23,Heavy day with Kong onnit
https://www.instagram.com/joerogan/p/C4l4A1AuoXY/,75515,957,2024-03-16 22:24:53,Fun times at stubbsaustin with my brothers tonyhinchcliffe and duncantrussell
https://www.instagram.com/joerogan/p/C4tHebvA59m/,14403,484,2024-03-19 17:54:41,"My brother, the great and powerful bscomedian has a new comedy special out now on netflix, filmed at the comedymothership! Brian is one of the absolute best comics working today, and I had the pleasure of watching him put this hour together. Itâs fucking excellent."
https://www.instagram.com/joerogan/reel/C4lq_AvuzgN/,153769,1101,2024-03-16 20:31:40,Shoutout to officialjenphillips for this insane sculpture she created for the comedymothership!
https://www.instagram.com/joerogan/p/C4n7YJou7bK/,18887,472,2024-03-17 17:32:46,420 weekend at comedymothership tickets on sale today at 2pm CST! httpcomedymothership.com
https://www.instagram.com/joerogan/p/C48D9pGMxX2/,56631,1747,2024-03-25 13:12:36,"Last night I got to see daveattell at the comedymothership, and it was a masterclass in stand up comedy. Silly, brilliant, polished, endlessly surprising, and absolutely hilarious. It was everything to love about stand up comedy performed at the highest level. Iâve known Dave for over 30 years, and he has absolutely never been better. Heâs so good I would have to say that no one has ever been better. If you get a chance to see him live, absolutely go. I canât recommend it enough."
https://www.instagram.com/joerogan/p/C5FVBOIsnHn/,144668,1834,2024-03-29 03:34:48,Itâs been an amazing 3 days of watching my brother madflavors_world light up the audience at the comedymothership! Weâre gonna make this a regular thing. Shoutout to troyconrads with the dope photography skills!
https://www.instagram.com/joerogan/p/C4n7hbBuF82/,7466,570,2024-03-17 17:34:02,Austin! This week at comedymothership! Tickets go on sale at 2pm CST httpcomedymothership.com
https://www.instagram.com/joerogan/reel/C4UwBuqstUK/,187328,1231,2024-03-10 06:48:45,What a fucking night!
https://www.instagram.com/joerogan/p/C4hUN-PsrSt/,206825,2920,2024-03-15 03:55:09,"The nadcburger collaboration I did with them and senorlechugahotsauce is insane. Burgers donât get better. Itâs not possible. The fries are cooked in Wagyu beef tallow, dusted with potato starch and fried twice. Incredible. Their food truck is in the parking lot behind comedymothership until Monday night."
https://www.instagram.com/joerogan/p/C4gMilrutq_/,133439,2969,2024-03-14 17:28:49,"Elk liver, fresh eggs and senorlechugahotsauce. Letâs fucking gooooooo"
https://www.instagram.com/joerogan/p/C4Vm4TeMEyS/,8324,730,2024-03-10 14:47:20,Austin! Tickets go on sale for this week at 2pm CST httpcomedymothership.com
https://www.instagram.com/joerogan/p/C4KOgcTs-_Z/,324511,3368,2024-03-06 04:42:43,
https://www.instagram.com/joerogan/p/C3yURr6OcUz/,109166,2652,2024-02-25 21:51:21,"Eland tenderloin I cooked on the traegergrills. chefaustinsimmons sent this meat to me that he harvested at tributarysporting. It was sensational. I used his triswoodlands Kimchi steak sauce on it, and it was incredible."
https://www.instagram.com/joerogan/reel/C38N8fpugsV/,418003,6016,2024-02-29 18:09:12,The great and powerful kattwilliams killing it on the podium1racing simulator! Episode available now on spotify youtube and apple
https://www.instagram.com/joerogan/p/C4kakJ8O3mF/,52204,836,2024-03-16 08:48:20,theblackkeys were fucking amazing at stubbsaustin
https://www.instagram.com/joerogan/p/C4M7kXsskBT/,150520,5861,2024-03-07 05:54:57,
https://www.instagram.com/joerogan/reel/C4VpNOjsqmy/,127140,3855,2024-03-10 15:09:58,timjdillon is a national treasure.
https://www.instagram.com/joerogan/p/C4ES0KJOzh4/,14615,680,2024-03-03 21:24:55,Austin! Tickets are on sale now for this week at comedymothership httpcomedymothership.com
https://www.instagram.com/joerogan/reel/C4NB3GVuRo_/,500226,35129,2024-03-07 06:51:20,"This past year has been above and beyond what we could have hoped for when we started the comedymothership. Itâs been an amazing ride, and weâre just getting started. Repost from thejrecompanion â Congrats on an amazing first year joerogan comedymothership ð troyconrads zpixbyjoe cprphotovideo If Iâm missing anyone let me know comedymothership themothership joerogan joeroganexperience thejrecompanion joeroganpodcast"
https://www.instagram.com/joerogan/p/C3d4_ldPzpb/,37797,975,2024-02-17 23:28:08,Time to go to work! ufc onnit
https://www.instagram.com/joerogan/p/C3mOHlisRWQ/,781293,15557,2024-02-21 05:06:39,What a terrifying and amazing time to be alive.
https://www.instagram.com/joerogan/p/C3Dq7sXucUn/,267433,3237,2024-02-07 19:05:01,"The great and powerful aaronrodgers12 and marshallmaerogan, now available on spotify"
https://www.instagram.com/joerogan/p/C3f05h0RnbP/,9636,576,2024-02-18 17:30:50,Austin! Tickets for this week go on sale at 2pm CST httpcomedymothership.com comedymothership
https://www.instagram.com/joerogan/p/C3OAVegg74I/,13453,699,2024-02-11 19:24:27,Austin! Iâm at comedymothership this Tuesday and Thursday httpcomedymothership.com tickets go on sale at 2pm CST
https://www.instagram.com/joerogan/p/C3qOhXHAfHj/,373911,17598,2024-02-22 18:27:08,I had a great time drinking budlight with kidrock! Now available on spotify and apple podcasts.
https://www.instagram.com/drphil/reel/C3tIUQ_OBIr/,186982,5828,2024-02-23 21:31:05,Weâve got issues at the southern border. Our tax dollars are being used for unimaginable purposes. border jre wevegotissues
https://www.instagram.com/drphil/p/C3qJa-fObOw/,356026,3880,2024-02-22 17:42:35,Weâve Got Issues joerogan
https://www.instagram.com/joerogan/p/C3GUtLauUex/,148958,1963,2024-02-08 19:48:31,Shoutout to the great and powerful rossbainesart for the dope painting of Hendrix on the JRE. Imagine how cool that conversation would have beenâ
https://www.instagram.com/joerogan/reel/C3yNEwIOpmY/,500226,35129,2024-02-25 20:50:07,"End of the week post sauna wrap up. The podcast is now back on apple, and we had a great week of shows with drphil kidrock Billy Walters and tomgreen Shout out to salussaunas for the new unit."
https://www.instagram.com/joerogan/p/C3yH56yufEo/,10724,404,2024-02-25 20:03:15,Austin! Tickets are on sale now for this week at comedymothership httpcomedymothership.com
https://www.instagram.com/chriswillx/p/C3af63-Ow87/,308464,1313,2024-02-16 15:51:19,It happened again ð That was a wild ride! plus my new best friend Carl
https://www.instagram.com/joerogan/p/C23oWDlMfUn/,90055,1902,2024-02-03 02:51:31,"If youâre in Austin looking for some LEGIT Korean food, soha_austintx is off the charts good. I had the spicy seafood soup and the short ribs. They were great. If youâre looking to get adventurous thereâs quite a few options with intestines and entrails. Iâve been there twice and itâs always great. Itâs a small place with limited seating, but if you have to wait for a table, itâs worth it."
https://www.instagram.com/joerogan/p/C2p6MQNuTM-/,13706,830,2024-01-28 18:58:06,Austin! Tickets go on sale at 2pm CST httpcomedymothership.com
https://www.instagram.com/joerogan/p/C2kiZSjOKkb/,270843,2878,2024-01-26 16:53:58,Fun times with madflavors_world
https://www.instagram.com/joerogan/p/C2taKRqsHJx/,86832,2056,2024-01-30 03:35:10,Young jamievernonâs little dude carlroofus is pretty damn cute.
https://www.instagram.com/joerogan/p/C2lb2B6sZST/,314701,7194,2024-01-27 01:15:58,We had fun! Sober October Crew now available on spotify seguratom arishaffir bertkreischer
https://www.instagram.com/joerogan/p/C2754p0uoyu/,12164,784,2024-02-04 18:41:45,Austin! Tickets go on sale at 2pm CST httpcomedymotherahip.com comedymothership
https://www.instagram.com/joerogan/reel/C22kpvhugWW/,301893,6322,2024-02-02 17:20:25,"I am very happy to announce that I will extend my partnership with Spotify, the largest podcast platform in the world. In addition to being available on Spotify, the show will soon be available on additional platforms like Apple, Amazon, and YouTube. I would also like to sincerely thank all the people who enjoy the show. I feel insanely fortunate to have such a platform, and I absolutely love doing it. I also feel insanely fortunate to be able to have so many long, indepth conversations with so many cool, and interesting people, and it makes me happy as fuck to know so many people enjoy watching and listening."
https://www.instagram.com/joerogan/reel/C2tQ3qmMuLC/,492717,8887,2024-01-30 02:14:44,This is pretty fucking wild. Repost mattattack009
https://www.instagram.com/joerogan/p/C3BoeOVshGO/,304185,3211,2024-02-07 00:05:02,The happiest dude in the world riding shotgun. marshallmaerogan
https://www.instagram.com/joerogan/reel/C25mDEnugnZ/,287819,7184,2024-02-03 21:14:22,"How the fuck does this even exist? I mean, what bizarre pathway of evolution has enabled a fish to look like an underwater plant, and have a lure, and a pole growing off its face. I hope one day AI can map out the path this creature took to become this amazing thing. Repost explorer_animal"
https://www.instagram.com/joerogan/reel/C2rIXUOsiQW/,328575,3022,2024-01-29 06:23:35,Kisses from the great marshallmaerogan
https://www.instagram.com/joerogan/p/C2tSHW4Mlcb/,421338,15791,2024-01-30 02:24:52,Anyone that discourages people from growing their own food is not your friend.
https://www.instagram.com/joerogan/reel/C2WK5j7MNce/,357360,2701,2024-01-21 03:00:41,About to go live with Fight Companion! madflavors_world eddiebravo10p brendanschaub httpyoutube.compowerfuljre
https://www.instagram.com/joerogan/reel/C2Ju-quA2Gg/,46436,592,2024-01-16 07:04:46,Repost dayne_tattooist Joe Rogan Collab Tattoo with twoshirtztattoo joerogan joerogan joerogan jamievernon tonyhinchcliffe adamraycomedy bertkreischer shanemgillis marknormand arishaffir Made using roseneedlesbyjustat tattoo tattoos tattooing portraittattoo realismtattoo newschooltattoo joerogan jre joeroganpodcast joeroganexpierence podcast aliens mushrooms tattoocollab collabtattoo ag1 alphabrain perth mandurahtattoo rockinghamtattooist rockingham perthtattooartists perthtattoo perthtattoos dmtart dmt mothership comedymothership thetattoowarehouse.com.au joeroganexperience drinkag1 alphabrainig
https://www.instagram.com/joerogan/p/C2fqq3LuQ-m/,254128,6678,2024-01-24 19:30:04,"First meal of the day Nilgai patties, elk liver and bacon with some senorlechugahotsauce worldcarnivoremonth"
https://www.instagram.com/joerogan/p/C2WtecFs9eP/,93314,1359,2024-01-21 08:01:25,Fun times! madflavors_world brendanschaub jamievernon eddiebravo10p fightcompanion
https://www.instagram.com/joerogan/p/C2TuEz7MHD3/,51641,1886,2024-01-20 04:08:56,Tomorrow night! Live on youtube.compowerfuljre ufc Fight Companion with guest appearance by Joey Diaz! madflavors_world eddiebravo10p brendanschaub Live during the main card on pay per view!
https://www.instagram.com/joerogan/p/C2GBKtBOM1Z/,10810,700,2024-01-14 20:26:24,Austin! Tickets for this Tuesday Wednesday and Thursday are on sale now! httpcomedymothership.com comedymothership
https://www.instagram.com/joerogan/p/C2Qnrh1MM21/,288103,28755,2024-01-18 23:15:20,We live in the most entertaining timeline. Repost gatewaypundit
https://www.instagram.com/joerogan/reel/C2X6DLAOAH7/,153570,1139,2024-01-21 19:11:56,It was a beautiful night to have fun with friends and watch some great fights! Always a pleasure when the great madflavors_world is in town!
https://www.instagram.com/joerogan/reel/C2IHny2s57I/,537812,11701,2024-01-15 16:02:34,21 degrees in Austin! Time for a cold plunge! everyfuckingday morozkoforge
https://www.instagram.com/joerogan/p/C2X5z7CuReE/,28251,781,2024-01-21 19:08:27,Austin! Tuesday Wednesday and Thursday tickets at comedymothership are on sale at 2pm CST httpcomedymothership.com
https://www.instagram.com/joerogan/p/C2bLsmMM250/,646619,11645,2024-01-23 01:42:27,The great and powerful bobbyleelive and I have talked about doing a podcast for over 10 years. Finally we did it! Out tomorrow on spotify
https://www.instagram.com/joerogan/p/C2GwYarslj-/,400051,3651,2024-01-15 03:18:58,Tried a different steak cooking method tonight. Sous vide these certifiedpiedmontese tomahawks at 130 for an hour and a half and then finished them in the ottogrills_usa. It came out amazing. worldcarnivoremonth
https://www.instagram.com/joerogan/p/C1v2yzOsJgo/,764085,5791,2024-01-06 05:52:28,"I had a great time and caught some awesome barracuda with saltshakerbvi in the British Virgin Islands. Thank you to Chad and Jamie, two awesome guys and incredibly knowledgeable about those waters and the fish that live in them. If youâre ever down there on vacation and you want to get in some fishing I canât recommend them enough."